$/SQUARE FEET,ADDRESS,BATHS,BEDS,CITY,DAYS ON MARKET,FAVORITE,HOA/MONTH,INTERESTED,LATITUDE,LOCATION,LONGITUDE,LOT SIZE,MLS#,NEXT OPEN HOUSE END TIME,NEXT OPEN HOUSE START TIME,PRICE,PROPERTY TYPE,SALE TYPE,SOLD DATE,SOURCE,SQUARE FEET,STATE,STATUS,URL (SEE http://www.redfin.com/buy-a-home/comparative-market-analysis FOR INFO ON PRICING),YEAR BUILT,ZIP,chabot,crocker_highlands,emerson,glenview,peralta,piedmont,days_ago,walkscore
618.0,1673 Miami Ct,1.0,2.0,Oakland,349.0,N,,Y,37.8008155,Lower Glenview,-122.2220907,2820.0,40739808,,,650000,Single Family Residential,PAST SALE,June-26-2016,EBRD/CCAR/Bay East,1051.0,CA,Sold,http://www.redfin.com/CA/Oakland/1673-Miami-Ct-94602/home/1929878,1920.0,94602,0.0,0.0,0.0,1.0,0.0,0.0,349,87
416.0,1363 E 36TH St,2.0,3.0,Oakland,257.0,N,,Y,37.802179,Glenview,-122.229621,3610.0,40749463,,,715000,Single Family Residential,PAST SALE,September-26-2016,EBRD/CCAR/Bay East,1720.0,CA,Sold,http://www.redfin.com/CA/Oakland/1363-E-36th-St-94602/home/535490,1914.0,94602,0.0,0.0,0.0,1.0,0.0,0.0,257,76
569.0,3533 BRIGHTON Ave,1.5,3.0,Oakland,259.0,Y,,Y,37.8018962,Glenview,-122.2268707,3200.0,40753238,,,795000,Single Family Residential,PAST SALE,September-24-2016,EBRD/CCAR/Bay East,1398.0,CA,Sold,http://www.redfin.com/CA/Oakland/3533-Brighton-Ave-94602/home/1757244,1925.0,94602,0.0,0.0,0.0,1.0,0.0,0.0,259,76
776.0,1624 Wellington St,1.0,2.0,Oakland,372.0,N,,Y,37.805843625,Glenview,-122.2176564,2408.0,40738484,,,695000,Single Family Residential,PAST SALE,June-3-2016,EBRD/CCAR/Bay East,896.0,CA,Sold,http://www.redfin.com/CA/Oakland/1624-Wellington-St-94602/home/536082,1925.0,94602,0.0,0.0,0.0,1.0,0.0,0.0,372,77
919.0,3951 Waterhouse Rd,2.0,2.0,Oakland,29.0,Y,,Y,37.8070479,Oakmore,-122.2135499,10292.0,40777113,,,1280711,Single Family Residential,PAST SALE,May-12-2017,EBRD/CCAR/Bay East,1394.0,CA,Sold,http://www.redfin.com/CA/Oakland/3951-Waterhouse-Rd-94602/home/1224009,1937.0,94602,0.0,0.0,0.0,1.0,0.0,0.0,29,70
432.0,3915 Everett Ave,2.0,4.0,Oakland,247.0,N,,Y,37.8032476,Glenview,-122.218853,4000.0,40757327,,,675000,Single Family Residential,PAST SALE,October-6-2016,EBRD/CCAR/Bay East,1564.0,CA,Sold,http://www.redfin.com/CA/Oakland/3915-Everett-Ave-94602/home/1362455,1952.0,94602,0.0,0.0,0.0,1.0,0.0,0.0,247,85
671.0,4127 WOODRUFF Ave,1.5,3.0,Oakland,402.0,Y,,Y,37.8062984,Glenview,-122.2214308,4200.0,40735564,,,1230000,Single Family Residential,PAST SALE,May-4-2016,EBRD/CCAR/Bay East,1832.0,CA,Sold,http://www.redfin.com/CA/Oakland/4127-Woodruff-Ave-94602/home/1855578,1920.0,94602,0.0,0.0,0.0,1.0,0.0,0.0,402,79
564.0,1460 EXCELSIOR Ave,2.0,2.0,Oakland,155.0,N,,Y,37.8027003,Glenview,-122.2267491,3040.0,40756882,,,716500,Single Family Residential,PAST SALE,January-6-2017,EBRD/CCAR/Bay East,1271.0,CA,Sold,http://www.redfin.com/CA/Oakland/1460-Excelsior-Ave-94602/home/1831161,1920.0,94602,0.0,0.0,0.0,1.0,0.0,0.0,155,76
583.0,4409 EVANS Ave,1.5,3.0,Oakland,186.0,N,,Y,37.8078324,Glenview,-122.2195971,4400.0,40757638,,,853000,Single Family Residential,PAST SALE,December-6-2016,EBRD/CCAR/Bay East,1462.0,CA,Sold,http://www.redfin.com/CA/Oakland/4409-Evans-Ave-94602/home/1376239,1920.0,94602,0.0,0.0,0.0,1.0,0.0,0.0,186,74
557.0,3533 GLEN PARK Rd,1.0,2.0,Oakland,302.0,N,,Y,37.8016753,Glenview,-122.2260456,3536.0,40749058,,,695000,Single Family Residential,PAST SALE,August-12-2016,EBRD/CCAR/Bay East,1247.0,CA,Sold,http://www.redfin.com/CA/Oakland/3533-Glen-Park-Rd-94602/home/1816656,1930.0,94602,0.0,0.0,0.0,1.0,0.0,0.0,302,78
501.0,4429 PARK Blvd,2.0,3.0,Oakland,276.0,Y,,Y,37.8087737,Glenview,-122.219715,4400.0,40750409,,,1050000,Single Family Residential,PAST SALE,September-7-2016,EBRD/CCAR/Bay East,2094.0,CA,Sold,http://www.redfin.com/CA/Oakland/4429-Park-Blvd-94602/home/1306730,1912.0,94602,0.0,0.0,0.0,1.0,0.0,0.0,276,74
384.0,3732 Linwood Ave,3.0,4.0,Oakland,274.0,N,,Y,37.8019435,Glenview,-122.2199057,4400.0,40749193,,,950000,Single Family Residential,PAST SALE,September-9-2016,EBRD/CCAR/Bay East,2473.0,CA,Sold,http://www.redfin.com/CA/Oakland/3732-Linwood-Ave-94602/home/535293,1903.0,94602,0.0,0.0,0.0,1.0,0.0,0.0,274,87
609.0,3884 LYMAN Rd,1.5,2.0,Oakland,281.0,N,,Y,37.8054928,Upper Diamond,-122.2138327,5400.0,40751274,,,850000,Single Family Residential,PAST SALE,September-2-2016,EBRD/CCAR/Bay East,1395.0,CA,Sold,http://www.redfin.com/CA/Oakland/3884-Lyman-Rd-94602/home/980133,1927.0,94602,0.0,0.0,0.0,1.0,0.0,0.0,281,75
693.0,1359 Excelsior Ave,2.0,2.0,Oakland,107.0,N,,Y,37.8027338,Glenview,-122.2290702,2541.0,40768019,,,752000,Single Family Residential,PAST SALE,February-23-2017,EBRD/CCAR/Bay East,1085.0,CA,Sold,http://www.redfin.com/CA/Oakland/1359-Excelsior-Ave-94602/home/1495598,1905.0,94602,0.0,0.0,0.0,1.0,0.0,0.0,107,72
819.0,3940 LA CRESTA Ave,2.0,2.0,Oakland,291.0,N,,Y,37.8040622,Glenview,-122.2189936,4000.0,40749336,,,876000,Single Family Residential,PAST SALE,August-23-2016,EBRD/CCAR/Bay East,1069.0,CA,Sold,http://www.redfin.com/CA/Oakland/3940-La-Cresta-Ave-94602/home/1482990,1915.0,94602,0.0,0.0,0.0,1.0,0.0,0.0,291,80
551.0,4093 Waterhouse Rd,2.0,3.0,Oakland,157.0,N,,Y,37.8100972,Oakmore,-122.2121936,4056.0,40764228,,,925000,Single Family Residential,PAST SALE,January-4-2017,EBRD/CCAR/Bay East,1678.0,CA,Sold,http://www.redfin.com/CA/Oakland/4093-Waterhouse-Rd-94602/home/1642111,1930.0,94602,0.0,0.0,0.0,1.0,0.0,0.0,157,69
728.0,4126 GREENWOOD Ave,2.0,3.0,Oakland,304.0,Y,,Y,37.8071744,Glenview,-122.2244615,4920.0,40749174,,,1083707,Single Family Residential,PAST SALE,August-10-2016,EBRD/CCAR/Bay East,1488.0,CA,Sold,http://www.redfin.com/CA/Oakland/4126-Greenwood-Ave-94602/home/1062756,1947.0,94602,0.0,0.0,0.0,1.0,0.0,0.0,304,74
502.0,800 Glendome Cir,2.0,3.0,Oakland,59.0,N,,Y,37.8126117,Glenview,-122.2199209,4558.0,40766173,,,1025000,Single Family Residential,PAST SALE,April-12-2017,EBRD/CCAR/Bay East,2043.0,CA,Sold,http://www.redfin.com/CA/Oakland/800-Glendome-Cir-94602/home/677870,1940.0,94602,0.0,0.0,0.0,1.0,0.0,0.0,59,55
450.0,4317 TOWNSEND Ave,2.0,5.0,Oakland,240.0,N,,Y,37.8070271,Glenview,-122.2195782,4400.0,40755682,,,1100000,Single Family Residential,PAST SALE,October-13-2016,EBRD/CCAR/Bay East,2443.0,CA,Sold,http://www.redfin.com/CA/Oakland/4317-Townsend-Ave-94602/home/1808908,1915.0,94602,0.0,0.0,0.0,1.0,0.0,0.0,240,74
761.0,4433 EVANS Ave,1.0,2.0,Oakland,232.0,N,,Y,37.8080249,Glenview,-122.2191115,4400.0,40759194,,,951000,Single Family Residential,PAST SALE,October-21-2016,EBRD/CCAR/Bay East,1249.0,CA,Sold,http://www.redfin.com/CA/Oakland/4433-Evans-Ave-94602/home/1399283,1915.0,94602,0.0,0.0,0.0,1.0,0.0,0.0,232,75
715.0,1488 Excelsior Ave,2.0,4.0,Oakland,183.0,Y,,Y,37.8025689,Glenview,-122.2260161,3800.0,40762969,,,1045000,Single Family Residential,PAST SALE,December-9-2016,EBRD/CCAR/Bay East,1462.0,CA,Sold,http://www.redfin.com/CA/Oakland/1488-Excelsior-Ave-94602/home/1999326,1927.0,94602,0.0,0.0,0.0,1.0,0.0,0.0,183,76
463.0,4341 Everett Ave,2.0,4.0,OAKLAND,220.0,N,,Y,37.8063959,OAKLAND,-122.2175423,4399.0,ML81613811,,,910000,Single Family Residential,PAST SALE,November-2-2016,MLSListings,1966.0,CA,Sold,http://www.redfin.com/CA/Oakland/4341-Everett-Ave-94602/home/1096163,1923.0,94602,0.0,0.0,0.0,1.0,0.0,0.0,220,77
637.0,1900 Tiffin Rd,1.0,3.0,Oakland,60.0,N,,Y,37.8092724,Oakmore,-122.210815,3747.0,40772161,,,925000,Single Family Residential,PAST SALE,April-11-2017,EBRD/CCAR/Bay East,1453.0,CA,Sold,http://www.redfin.com/CA/Oakland/1900-Tiffin-Rd-94602/home/545091,1926.0,94602,0.0,0.0,0.0,1.0,0.0,0.0,60,63
563.0,3521 Brighton Ave,1.0,2.0,Oakland,58.0,N,,Y,37.8016662,Glenview,-122.2269261,3200.0,40768448,,,697000,Single Family Residential,PAST SALE,April-13-2017,EBRD/CCAR/Bay East,1237.0,CA,Sold,http://www.redfin.com/CA/Oakland/3521-Brighton-Ave-94602/home/841904,1926.0,94602,0.0,0.0,0.0,1.0,0.0,0.0,58,76
414.0,3988 Lyman Rd,2.0,3.0,Oakland,240.0,N,,Y,37.8074742,Oakmore,-122.2120526,6020.0,40752937,,,950350,Single Family Residential,PAST SALE,October-13-2016,EBRD/CCAR/Bay East,2295.0,CA,Sold,http://www.redfin.com/CA/Oakland/3988-Lyman-Rd-94602/home/545160,1955.0,94602,0.0,0.0,0.0,1.0,0.0,0.0,240,68
839.0,3745 LINWOOD Ave,1.0,2.0,Oakland,419.0,N,,Y,37.8023542,Glenview,-122.2202309,1900.0,40731833,,,685000,Single Family Residential,PAST SALE,April-17-2016,EBRD/CCAR/Bay East,816.0,CA,Sold,http://www.redfin.com/CA/Oakland/3745-Linwood-Ave-94602/home/1800532,1920.0,94602,0.0,0.0,0.0,1.0,0.0,0.0,419,86
678.0,3927 Canon Ave,1.0,2.0,Oakland,107.0,N,,Y,37.8036669,Oakland,-122.2176672,4712.0,40767776,,,770000,Single Family Residential,PAST SALE,February-23-2017,EBRD/CCAR/Bay East,1136.0,CA,Sold,http://www.redfin.com/CA/Oakland/3927-Canon-Ave-94602/home/1508679,1941.0,94602,0.0,0.0,0.0,1.0,0.0,0.0,107,83
486.0,3150 Sheffield Ave,2.0,3.0,Oakland,306.0,N,,Y,37.7970197,Oakland,-122.220626,6974.0,445193,,,1161000,Single Family Residential,PAST SALE,August-8-2016,San Francisco MLS,2388.0,CA,Sold,http://www.redfin.com/CA/Oakland/3150-Sheffield-Ave-94602/home/1256309,1928.0,94602,0.0,0.0,0.0,1.0,0.0,0.0,306,69
486.0,1100 EVERETT Ave,2.0,3.0,Oakland,180.0,Y,,Y,37.8097291,Glenview,-122.2215228,3630.0,40757568,,,875000,Single Family Residential,PAST SALE,December-12-2016,EBRD/CCAR/Bay East,1802.0,CA,Sold,http://www.redfin.com/CA/Oakland/1100-Everett-Ave-94602/home/728334,1915.0,94602,0.0,0.0,0.0,1.0,0.0,0.0,180,73
805.0,3923 FRUITVALE Ave,1.0,2.0,Oakland,199.0,N,,Y,37.8057013,Upper Diamond,-122.2123509,10120.0,40760772,,,850000,Single Family Residential,PAST SALE,November-23-2016,EBRD/CCAR/Bay East,1056.0,CA,Sold,http://www.redfin.com/CA/Oakland/3923-Fruitvale-Ave-94602/home/1243307,1922.0,94602,0.0,0.0,0.0,1.0,0.0,0.0,199,68
805.0,3936 Elston Ave,2.0,2.0,Oakland,379.0,Y,,Y,37.8043759,Glenview,-122.2207399,4000.0,40735520,,,1200000,Single Family Residential,PAST SALE,May-27-2016,EBRD/CCAR/Bay East,1490.0,CA,Sold,http://www.redfin.com/CA/Oakland/3936-Elston-Ave-94602/home/1841526,1910.0,94602,0.0,0.0,0.0,1.0,0.0,0.0,379,79
550.0,3233 Ardley Ave,2.0,2.0,Oakland,106.0,N,,Y,37.7994963,Oakland,-122.2246929,5176.0,40768147,,,682000,Single Family Residential,PAST SALE,February-24-2017,EBRD/CCAR/Bay East,1239.0,CA,Sold,http://www.redfin.com/CA/Oakland/3233-Ardley-Ave-94602/home/1803390,1927.0,94602,0.0,0.0,0.0,1.0,0.0,0.0,106,79
372.0,1657 EXCELSIOR Ave,1.5,4.0,Oakland,340.0,N,,Y,37.8014572,Glenview,-122.2222381,3680.0,40742255,,,750000,Single Family Residential,PAST SALE,July-5-2016,EBRD/CCAR/Bay East,2017.0,CA,Sold,http://www.redfin.com/CA/Oakland/1657-Excelsior-Ave-94602/home/880280,1906.0,94602,0.0,0.0,0.0,1.0,0.0,0.0,340,87
692.0,3801 ARDLEY Ave,1.0,2.0,Oakland,379.0,N,,Y,37.8033929,Glenview,-122.2235579,3465.0,40736273,,,770000,Single Family Residential,PAST SALE,May-27-2016,EBRD/CCAR/Bay East,1113.0,CA,Sold,http://www.redfin.com/CA/Oakland/3801-Ardley-Ave-94602/home/841935,1922.0,94602,0.0,0.0,0.0,1.0,0.0,0.0,379,80
634.0,3930 HANLY Rd,1.5,2.0,Oakland,375.0,N,,Y,37.807694,Oakmore,-122.214139,2320.0,40737188,,,735000,Single Family Residential,PAST SALE,May-31-2016,EBRD/CCAR/Bay East,1159.0,CA,Sold,http://www.redfin.com/CA/Oakland/3930-Hanly-Rd-94602/home/1607109,1953.0,94602,0.0,0.0,0.0,1.0,0.0,0.0,375,70
573.0,4112 PARK Blvd,1.0,3.0,Oakland,274.0,N,,Y,37.8063213,Glenview,-122.2240212,4360.0,40751400,,,900000,Single Family Residential,PAST SALE,September-9-2016,EBRD/CCAR/Bay East,1571.0,CA,Sold,http://www.redfin.com/CA/Oakland/4112-Park-Blvd-94602/home/1841527,1922.0,94602,0.0,0.0,0.0,1.0,0.0,0.0,274,75
486.0,3150 SHEFFIELD Ave,2.0,3.0,Oakland,306.0,N,,Y,37.7970197,Oakland,-122.220626,6974.0,40738938,,,1161000,Single Family Residential,PAST SALE,August-8-2016,EBRD/CCAR/Bay East,2388.0,CA,Sold,http://www.redfin.com/CA/Oakland/3150-Sheffield-Ave-94602/home/109250455,1928.0,94602,0.0,0.0,0.0,1.0,0.0,0.0,306,69
735.0,4315 EVANS Ave,1.0,3.0,Oakland,324.0,N,,Y,37.8075093,Glenview,-122.2204453,3520.0,40744382,,,1025000,Single Family Residential,PAST SALE,July-21-2016,EBRD/CCAR/Bay East,1394.0,CA,Sold,http://www.redfin.com/CA/Oakland/4315-Evans-Ave-94602/home/1842967,1924.0,94602,0.0,0.0,0.0,1.0,0.0,0.0,324,74
682.0,1551 Hampel St,1.0,3.0,Oakland,101.0,Y,,Y,37.8050957,Glenview,-122.2196087,5600.0,40768340,,,1160000,Single Family Residential,PAST SALE,March-1-2017,EBRD/CCAR/Bay East,1701.0,CA,Sold,http://www.redfin.com/CA/Oakland/1551-Hampel-St-94602/home/535325,1928.0,94602,0.0,0.0,0.0,1.0,0.0,0.0,101,79
728.0,1531 Everett Ave,1.5,3.0,Oakland,416.0,N,,Y,37.8069256,Glenview,-122.2174338,4469.0,40733832,,,1220000,Single Family Residential,PAST SALE,April-20-2016,EBRD/CCAR/Bay East,1676.0,CA,Sold,http://www.redfin.com/CA/Oakland/1531-Everett-Ave-94602/home/536079,1920.0,94602-1737,0.0,0.0,0.0,1.0,0.0,0.0,416,72
473.0,4071 Harding Way,3.0,3.0,Oakland,359.0,N,,Y,37.8081439,Lower Oakmore,-122.2108147,5500.0,40738108,,,795000,Single Family Residential,PAST SALE,June-16-2016,EBRD/CCAR/Bay East,1679.0,CA,Sold,http://www.redfin.com/CA/Oakland/4071-Harding-Way-94602/home/543964,1947.0,94602,0.0,0.0,0.0,1.0,0.0,0.0,359,60
645.0,3875 LYMAN Rd,2.5,3.0,Oakland,267.0,N,,Y,37.8054411,Oakmore,-122.214433,6248.0,40752318,,,1315000,Single Family Residential,PAST SALE,September-16-2016,EBRD/CCAR/Bay East,2038.0,CA,Sold,http://www.redfin.com/CA/Oakland/3875-Lyman-Rd-94602/home/1195986,1931.0,94602,0.0,0.0,0.0,1.0,0.0,0.0,267,75
340.0,1551 E 38TH St,2.0,2.0,Oakland,200.0,N,,Y,37.803148,Glenview,-122.224077,2143.0,40760948,,,790000,Single Family Residential,PAST SALE,November-22-2016,EBRD/CCAR/Bay East,2326.0,CA,Sold,http://www.redfin.com/CA/Oakland/1551-E-38th-St-94602/home/103452784,1920.0,94602,0.0,0.0,0.0,1.0,0.0,0.0,200,76
516.0,3800 LINWOOD Ave,3.0,3.0,Oakland,225.0,Y,,Y,37.8027987,Glenview,-122.2203083,4500.0,40757439,,,895000,Single Family Residential,PAST SALE,October-28-2016,EBRD/CCAR/Bay East,1733.0,CA,Sold,http://www.redfin.com/CA/Oakland/3800-Linwood-Ave-94602/home/1913594,1922.0,94602,0.0,0.0,0.0,1.0,0.0,0.0,225,86
758.0,4063 Lyman Rd,2.0,2.0,Oakland,11.0,Y,,Y,37.8089278,Oakmore,-122.2117572,6486.0,40778159,,,1275000,Single Family Residential,PAST SALE,May-30-2017,EBRD/CCAR/Bay East,1683.0,CA,Sold,http://www.redfin.com/CA/Oakland/4063-Lyman-Rd-94602/home/2025673,1936.0,94602,0.0,0.0,0.0,1.0,0.0,0.0,11,66
288.0,2906 MCKILLOP Rd,4.0,4.0,Oakland,394.0,N,,Y,37.7951499,Upper Fruitvale,-122.2206256,6116.0,40733635,,,875000,Single Family Residential,PAST SALE,May-12-2016,EBRD/CCAR/Bay East,3039.0,CA,Sold,http://www.redfin.com/CA/Oakland/2906-McKillop-Rd-94602/home/1936675,1978.0,94602,0.0,0.0,0.0,1.0,0.0,0.0,394,74
672.0,3834 Everett Ave,2.0,3.0,Oakland,19.0,Y,,Y,37.8027162,Glenview,-122.2184434,4000.0,40779131,,,980000,Single Family Residential,PAST SALE,May-22-2017,EBRD/CCAR/Bay East,1459.0,CA,Sold,http://www.redfin.com/CA/Oakland/3834-Everett-Ave-94602/home/1062751,1922.0,94602,0.0,0.0,0.0,1.0,0.0,0.0,19,85
420.0,4633 PARK Blvd,2.0,3.0,Oakland,317.0,N,,Y,37.8100989,Glenview,-122.2175162,5000.0,40743296,,,1250000,Single Family Residential,PAST SALE,July-28-2016,EBRD/CCAR/Bay East,2976.0,CA,Sold,http://www.redfin.com/CA/Oakland/4633-Park-Blvd-94602/home/528486,1915.0,94602,0.0,0.0,0.0,1.0,0.0,0.0,317,67
551.0,3923 Elston Ave,2.0,3.0,Oakland,88.0,Y,,Y,37.8041452,Glenview,-122.2213094,4000.0,40769219,,,937000,Single Family Residential,PAST SALE,March-14-2017,EBRD/CCAR/Bay East,1702.0,CA,Sold,http://www.redfin.com/CA/Oakland/3923-Elston-Ave-94602/home/1476805,1921.0,94602,0.0,0.0,0.0,1.0,0.0,0.0,88,80
597.0,3824 EVERETT Ave,1.0,3.0,Oakland,192.0,N,,Y,37.8024905,Glenview,-122.2184738,4040.0,40761504,,,725000,Single Family Residential,PAST SALE,November-30-2016,EBRD/CCAR/Bay East,1215.0,CA,Sold,http://www.redfin.com/CA/Oakland/3824-Everett-Ave-94602/home/1800535,1920.0,94602,0.0,0.0,0.0,1.0,0.0,0.0,192,85
588.0,3750 Glen Park Rd,2.0,3.0,Oakland,87.0,N,,N,37.803185,Glenview,-122.2251149,3080.0,40769789,,,1065000,Single Family Residential,PAST SALE,March-15-2017,EBRD/CCAR/Bay East,1812.0,CA,Sold,http://www.redfin.com/CA/Oakland/3750-Glen-Park-Rd-94602/home/1727300,1923.0,94602,0.0,0.0,0.0,1.0,0.0,0.0,87,76
532.0,4625 PARK Blvd,2.5,4.0,Oakland,432.0,N,,Y,37.8099035,Glenview,-122.2176666,4000.0,40730315,,,1200000,Single Family Residential,PAST SALE,April-4-2016,EBRD/CCAR/Bay East,2256.0,CA,Sold,http://www.redfin.com/CA/Oakland/4625-Park-Blvd-94602/home/1606477,1915.0,94602,0.0,0.0,0.0,1.0,0.0,0.0,432,67
713.0,4627 DOLORES Ave,1.5,3.0,Oakland,443.0,Y,,Y,37.8090202,Glenview,-122.2172598,4000.0,40729572,,,930000,Single Family Residential,PAST SALE,March-24-2016,EBRD/CCAR/Bay East,1304.0,CA,Sold,http://www.redfin.com/CA/Oakland/4627-Dolores-Ave-94602/home/909534,1918.0,94602,0.0,0.0,0.0,1.0,0.0,0.0,443,69
661.0,4679 PARK Blvd,2.0,3.0,Oakland,402.0,Y,,Y,37.8110586,Glenview,-122.2167933,5000.0,40733537,,,1250000,Single Family Residential,PAST SALE,May-4-2016,EBRD/CCAR/Bay East,1890.0,CA,Sold,http://www.redfin.com/CA/Oakland/4679-Park-Blvd-94602/home/1742722,1920.0,94602,0.0,0.0,0.0,1.0,0.0,0.0,402,67
616.0,1916 E 38TH St,2.0,2.0,Oakland,394.0,Y,,Y,37.8017361,Oakland,-122.2189159,4606.0,40734367,,,935000,Single Family Residential,PAST SALE,May-12-2016,EBRD/CCAR/Bay East,1518.0,CA,Sold,http://www.redfin.com/CA/Oakland/1916-E-38th-St-94602/home/535308,1915.0,94602,0.0,0.0,0.0,1.0,0.0,0.0,394,89
845.0,1046 ELBERT St,1.0,2.0,Oakland,354.0,N,,Y,37.8098466,Glenview,-122.2205782,2960.0,40739379,,,907000,Single Family Residential,PAST SALE,June-21-2016,EBRD/CCAR/Bay East,1073.0,CA,Sold,http://www.redfin.com/CA/Oakland/1046-Elbert-St-94602/home/1476872,1922.0,94602,0.0,0.0,0.0,1.0,0.0,0.0,354,66
472.0,1415 ALLMAN St,2.0,3.0,Oakland,253.0,N,,Y,37.8030268,Glenview,-122.226972,2550.0,40753759,,,850000,Single Family Residential,PAST SALE,September-30-2016,EBRD/CCAR/Bay East,1800.0,CA,Sold,http://www.redfin.com/CA/Oakland/1415-Allman-St-94602/home/535494,1930.0,94602,0.0,0.0,0.0,1.0,0.0,0.0,253,73
595.0,4418 EVANS Ave,1.5,3.0,Oakland,297.0,N,,Y,37.8075503,Glenview,-122.219249,4950.0,40745935,,,915000,Single Family Residential,PAST SALE,August-17-2016,EBRD/CCAR/Bay East,1538.0,CA,Sold,http://www.redfin.com/CA/Oakland/4418-Evans-Ave-94602/home/1340526,1919.0,94602,0.0,0.0,0.0,1.0,0.0,0.0,297,75
745.0,1163 EL CENTRO Ave,2.0,3.0,Oakland,316.0,N,,Y,37.809948,Glenview,-122.2189723,4400.0,40748197,,,1285000,Single Family Residential,PAST SALE,July-29-2016,EBRD/CCAR/Bay East,1724.0,CA,Sold,http://www.redfin.com/CA/Oakland/1163-El-Centro-Ave-94602/home/1543181,1922.0,94602,0.0,0.0,0.0,1.0,0.0,0.0,316,65
544.0,22 Veteran Way,1.5,2.0,Oakland,114.0,N,,Y,37.801422,Glenview,-122.217739,3015.0,40767447,,,900000,Single Family Residential,PAST SALE,February-16-2017,EBRD/CCAR/Bay East,1654.0,CA,Sold,http://www.redfin.com/CA/Oakland/22-Veteran-Way-94602/home/1483305,1934.0,94602,0.0,0.0,0.0,1.0,0.0,0.0,114,88
707.0,1448 Allman St,1.0,2.0,Oakland,141.0,N,,Y,37.8032749,Glenview,-122.2264236,3780.0,40766849,,,720000,Single Family Residential,PAST SALE,January-20-2017,EBRD/CCAR/Bay East,1019.0,CA,Sold,http://www.redfin.com/CA/Oakland/1448-Allman-St-94602/home/1774939,1919.0,94602,0.0,0.0,0.0,1.0,0.0,0.0,141,76
678.0,1397 ALLMAN St,1.0,2.0,Oakland,288.0,N,,Y,37.8031099,Glenview,-122.2273445,3999.0,40747015,,,750000,Single Family Residential,PAST SALE,August-26-2016,EBRD/CCAR/Bay East,1106.0,CA,Sold,http://www.redfin.com/CA/Oakland/1397-Allman-St-94602/home/1986692,1937.0,94602-1126,0.0,0.0,0.0,1.0,0.0,0.0,288,73
933.0,3843 Woodruff Ave,2.0,3.0,Oakland,64.0,Y,,Y,37.8038804,Glenview,-122.2223172,5000.0,40773796,,,1200000,Single Family Residential,PAST SALE,April-7-2017,EBRD/CCAR/Bay East,1286.0,CA,Sold,http://www.redfin.com/CA/Oakland/3843-Woodruff-Ave-94602/home/866406,1922.0,94602,0.0,0.0,0.0,1.0,0.0,0.0,64,77
596.0,1715 Macarthur Blvd,2.0,2.0,Oakland,54.0,N,,Y,37.7999164,Glenview,-122.2213363,3680.0,40773867,,,715000,Single Family Residential,PAST SALE,April-17-2017,EBRD/CCAR/Bay East,1200.0,CA,Sold,http://www.redfin.com/CA/Oakland/1715-MacArthur-Blvd-94602/home/1329278,1921.0,94602,0.0,0.0,0.0,1.0,0.0,0.0,54,87
763.0,3946 Randolph Ave,1.0,3.0,Oakland,40.0,Y,,Y,37.8051373,Glenview Dist.,-122.2236153,5000.0,40772239,,,1067000,Single Family Residential,PAST SALE,May-1-2017,EBRD/CCAR/Bay East,1398.0,CA,Sold,http://www.redfin.com/CA/Oakland/3946-Randolph-Ave-94602/home/1831181,1915.0,94602,0.0,0.0,0.0,1.0,0.0,0.0,40,77
643.0,1451 HAMPEL St,2.0,3.0,Oakland,68.0,N,,Y,37.8054227,Glenview,-122.2214261,2800.0,40769189,,,840000,Single Family Residential,PAST SALE,April-3-2017,EBRD/CCAR/Bay East,1306.0,CA,Sold,http://www.redfin.com/CA/Oakland/1451-Hampel-St-94602/home/1563191,1922.0,94602,0.0,0.0,0.0,1.0,0.0,0.0,68,79
744.0,3959 Waterhouse Rd,2.0,2.0,Oakland,79.0,N,,Y,37.807173,Oakmore,-122.213537,5304.0,40770739,,,855000,Single Family Residential,PAST SALE,March-23-2017,EBRD/CCAR/Bay East,1149.0,CA,Sold,http://www.redfin.com/CA/Oakland/3959-Waterhouse-Rd-94602/home/772517,1933.0,94602,0.0,0.0,0.0,1.0,0.0,0.0,79,70
870.0,5641 Miles Ave,2.0,3.0,Oakland,169.0,N,,Y,37.844532,Rockridge,-122.253975,6000.0,40763599.0,,,1275000,Single Family Residential,PAST SALE,December-23-2016,EBRD/CCAR/Bay East,1466.0,CA,Sold,http://www.redfin.com/CA/Oakland/5641-Miles-Ave-94618/home/529736,1914.0,94618,1.0,0.0,0.0,0.0,0.0,0.0,169,92
1008.0,5509 Kales Ave,2.0,2.0,Oakland,100.0,N,,Y,37.8414073,Oakland,-122.2494984,,454085.0,,,1300000,Single Family Residential,PAST SALE,March-2-2017,San Francisco MLS,1290.0,CA,Sold,http://www.redfin.com/CA/Oakland/5509-Kales-Ave-94618/home/1588338,1911.0,94618,1.0,0.0,0.0,0.0,0.0,0.0,100,91
548.0,11 Reata Pl,3.0,3.0,Oakland,435.0,N,,Y,37.8510877,Rockridge,-122.2414512,6992.0,40730455.0,,,1350000,Single Family Residential,PAST SALE,April-1-2016,EBRD/CCAR/Bay East,2465.0,CA,Sold,http://www.redfin.com/CA/Oakland/11-Reata-Pl-94618/home/1041836,1955.0,94618,1.0,0.0,0.0,0.0,0.0,0.0,435,69
799.0,5427 Locksley Ave,1.0,3.0,Oakland,435.0,N,,Y,37.8425504,Rockridge,-122.2548396,4000.0,40729451.0,,,1130000,Single Family Residential,PAST SALE,April-1-2016,EBRD/CCAR/Bay East,1414.0,CA,Sold,http://www.redfin.com/CA/Oakland/5427-Locksley-Ave-94618/home/1455950,1912.0,94618,1.0,0.0,0.0,0.0,0.0,0.0,435,92
959.0,5524 Manila Ave,1.0,2.0,Oakland,103.0,N,,Y,37.8412666,Rockridge,-122.2490154,4120.0,40758211.0,,,1160000,Single Family Residential,PAST SALE,February-27-2017,EBRD/CCAR/Bay East,1210.0,CA,Sold,http://www.redfin.com/CA/Oakland/5524-Manila-Ave-94618/home/1993135,1912.0,94618,1.0,0.0,0.0,0.0,0.0,0.0,103,90
580.0,5671 OCEAN VIEW Dr,1.5,3.0,Oakland,442.0,N,,Y,37.843946,Rockridge,-122.249317,4300.0,40729190.0,,,1421000,Single Family Residential,PAST SALE,March-25-2016,EBRD/CCAR/Bay East,2451.0,CA,Sold,http://www.redfin.com/CA/Oakland/5671-Ocean-View-Dr-94618/home/1628970,1913.0,94618,1.0,0.0,0.0,0.0,0.0,0.0,442,91
946.0,5340 LOCKSLEY Ave,2.0,3.0,Oakland,306.0,N,,Y,37.8407471,Rockridge,-122.2557969,3500.0,40749591.0,,,1425000,Single Family Residential,PAST SALE,August-8-2016,EBRD/CCAR/Bay East,1507.0,CA,Sold,http://www.redfin.com/CA/Oakland/5340-Locksley-Ave-94618/home/530152,1912.0,94618,1.0,0.0,0.0,0.0,0.0,0.0,306,87
817.0,5332 Bryant Ave,2.0,2.0,Oakland,257.0,N,,Y,37.8384229,Rockridge,-122.2506743,3800.0,40754178.0,,,1375000,Single Family Residential,PAST SALE,September-26-2016,EBRD/CCAR/Bay East,1683.0,CA,Sold,http://www.redfin.com/CA/Oakland/5332-Bryant-Ave-94618/home/1194864,1915.0,94618-1430,1.0,0.0,0.0,0.0,0.0,0.0,257,87
712.0,5817 ROSS St,1.5,3.0,Oakland,330.0,N,,Y,37.848588,Rockridge,-122.246518,5500.0,40743301.0,,,1400000,Single Family Residential,PAST SALE,July-15-2016,EBRD/CCAR/Bay East,1967.0,CA,Sold,http://www.redfin.com/CA/Oakland/5817-Ross-St-94618/home/2045085,1931.0,94618,1.0,0.0,0.0,0.0,0.0,0.0,330,83
484.0,5782 BUENA VISTA Ave,3.0,4.0,Oakland,428.0,N,,Y,37.8480804,Upper Rockridge,-122.2362922,7668.0,40728840.0,,,1300000,Single Family Residential,PAST SALE,April-8-2016,EBRD/CCAR/Bay East,2688.0,CA,Sold,http://www.redfin.com/CA/Oakland/5782-Buena-Vista-Ave-94618/home/1167604,1994.0,94618,1.0,0.0,0.0,0.0,0.0,0.0,428,46
419.0,5656 BUENA VISTA Ave,2.5,3.0,Oakland,322.0,N,,Y,37.8489874,Upper Rockridge,-122.2373538,5372.0,40739106.0,,,929000,Single Family Residential,PAST SALE,July-23-2016,EBRD/CCAR/Bay East,2215.0,CA,Sold,http://www.redfin.com/CA/Oakland/5656-Buena-Vista-Ave-94618/home/836441,1995.0,94618,1.0,0.0,0.0,0.0,0.0,0.0,322,44
640.0,5645 BROADWAY,2.0,3.0,Oakland,394.0,N,,Y,37.8421696,Rockridge,-122.2478183,2990.0,40736024.0,,,1020000,Single Family Residential,PAST SALE,May-12-2016,EBRD/CCAR/Bay East,1594.0,CA,Sold,http://www.redfin.com/CA/Oakland/5645-Broadway-94618/home/1801334,1922.0,94618,1.0,0.0,0.0,0.0,0.0,0.0,394,90
532.0,5844 Broadway,2.0,3.0,Oakland,162.0,N,,Y,37.8453641,Rockridge,-122.2452248,5940.0,40763548.0,,,875000,Single Family Residential,PAST SALE,December-30-2016,EBRD/CCAR/Bay East,1645.0,CA,Sold,http://www.redfin.com/CA/Oakland/5844-Broadway-94618/home/1717086,1921.0,94618-1525,1.0,0.0,0.0,0.0,0.0,0.0,162,76
950.0,6225 Auburn,1.0,3.0,Oakland,354.0,N,,Y,37.8504135,Rockridge,-122.2508497,3480.0,40739757.0,,,1330000,Single Family Residential,PAST SALE,June-21-2016,EBRD/CCAR/Bay East,1400.0,CA,Sold,http://www.redfin.com/CA/Oakland/6225-Auburn-Ave-94618/home/1418129,1925.0,94618,1.0,0.0,0.0,0.0,0.0,0.0,354,92
365.0,6276 Acacia Ave,3.5,4.0,Oakland,72.0,N,,Y,37.844994,Rockridge Upper,-122.2377499,7168.0,40771406.0,,,1460000,Single Family Residential,PAST SALE,March-30-2017,EBRD/CCAR/Bay East,3997.0,CA,Sold,http://www.redfin.com/CA/Oakland/6276-Acacia-Ave-94618/home/1290278,1994.0,94618,1.0,0.0,0.0,0.0,0.0,0.0,72,45
448.0,6125 BROADWAY,3.5,3.0,Oakland,169.0,N,,Y,37.848278403,Rockridge/N.Oak,-122.2423905,7130.0,40761584.0,,,1120000,Single Family Residential,PAST SALE,December-23-2016,EBRD/CCAR/Bay East,2500.0,CA,Sold,http://www.redfin.com/CA/Oakland/6125-Broadway-94618/home/1111983,2003.0,94618,1.0,0.0,0.0,0.0,0.0,0.0,169,63
673.0,6451 Mystic,1.5,3.0,Oakland,78.0,N,,Y,37.8514901,Oakland,-122.2490678,3514.0,40768023.0,,,1345000,Single Family Residential,PAST SALE,March-24-2017,EBRD/CCAR/Bay East,1998.0,CA,Sold,http://www.redfin.com/CA/Oakland/6451-Mystic-St-94618/home/602345,1950.0,94618,1.0,0.0,0.0,0.0,0.0,0.0,78,85
593.0,5938 CHABOT Rd,1.0,2.0,Oakland,235.0,N,,Y,37.846616,Rockridge,-122.252595,2000.0,40754640.0,,,900000,Single Family Residential,PAST SALE,October-18-2016,EBRD/CCAR/Bay East,1518.0,CA,Sold,http://www.redfin.com/CA/Oakland/5938-Chabot-Rd-94618/home/1816361,1998.0,94618,1.0,0.0,0.0,0.0,0.0,0.0,235,91
531.0,5697 Keith Ave,3.0,3.0,Oakland,327.0,N,,Y,37.844454,Rockridge,-122.249986,,40740735.0,,,1200000,Single Family Residential,PAST SALE,July-18-2016,EBRD/CCAR/Bay East,2261.0,CA,Sold,http://www.redfin.com/CA/Oakland/5697-Keith-Ave-94618/home/923558,1912.0,94618,1.0,0.0,0.0,0.0,0.0,0.0,327,91
927.0,472 CLIFTON St,1.5,2.0,Oakland,268.0,N,,Y,37.8405678,Rockridge,-122.2576517,2618.0,40753255.0,,,1228000,Single Family Residential,PAST SALE,September-15-2016,EBRD/CCAR/Bay East,1324.0,CA,Sold,http://www.redfin.com/CA/Oakland/472-Clifton-St-94618/home/530461,1926.0,94618,1.0,0.0,0.0,0.0,0.0,0.0,268,89
677.0,5359 Belgrave Pl,1.0,3.0,Oakland,374.0,N,,Y,37.8379345,Oakland,-122.248387,5000.0,441765.0,,,1000000,Single Family Residential,PAST SALE,June-1-2016,San Francisco MLS,1477.0,CA,Sold,http://www.redfin.com/CA/Oakland/5359-Belgrave-Pl-94618/home/1946671,1923.0,94618,1.0,0.0,0.0,0.0,0.0,0.0,374,85
964.0,5505 Kales Ave,1.0,2.0,Oakland,52.0,N,,Y,37.8413811,Rockridge,-122.24961,3360.0,40773536.0,,,1200000,Single Family Residential,PAST SALE,April-19-2017,EBRD/CCAR/Bay East,1245.0,CA,Sold,http://www.redfin.com/CA/Oakland/5505-Kales-Ave-94618/home/1995460,1911.0,94618,1.0,0.0,0.0,0.0,0.0,0.0,52,91
763.0,5355 MANILA Ave,1.0,2.0,Oakland,431.0,N,,Y,37.839364,Rockridge,-122.252312,3000.0,40730381.0,,,775000,Single Family Residential,PAST SALE,April-5-2016,EBRD/CCAR/Bay East,1016.0,CA,Sold,http://www.redfin.com/CA/Oakland/5355-Manila-Ave-94618/home/1974410,1917.0,94618,1.0,0.0,0.0,0.0,0.0,0.0,431,91
625.0,5572 CLAREMONT Ave,1.5,3.0,Oakland,43.0,N,,Y,37.844045,Rockridge,-122.256253,3800.0,40771751.0,,,1120000,Single Family Residential,PAST SALE,April-28-2017,EBRD/CCAR/Bay East,1793.0,CA,Sold,http://www.redfin.com/CA/Oakland/5572-Claremont-Ave-94618/home/1936285,1916.0,94618,1.0,0.0,0.0,0.0,0.0,0.0,43,78
751.0,474 Hardy St,1.0,3.0,Oakland,5.0,N,,Y,37.841865,Rockridge,-122.2565,3300.0,40778791.0,,,1240000,Single Family Residential,PAST SALE,June-5-2017,EBRD/CCAR/Bay East,1652.0,CA,Sold,http://www.redfin.com/CA/Oakland/474-Hardy-St-94618/home/530402,1912.0,94618,1.0,0.0,0.0,0.0,0.0,0.0,5,87
539.0,5829 Mendocino Ave,1.0,2.0,Oakland,96.0,N,,Y,37.8444708,Oakland,-122.2437654,7259.0,40772347.0,,,1450000,Single Family Residential,PAST SALE,March-6-2017,EBRD/CCAR/Bay East,2692.0,CA,Sold,http://www.redfin.com/CA/Oakland/5829-Mendocino-Ave-94618/home/1963358,1933.0,94618,1.0,0.0,0.0,0.0,0.0,0.0,96,69
439.0,5750 BUENA VISTA Ave,3.5,4.0,Oakland,338.0,N,,Y,37.848328,Oakland,-122.2369424,7550.0,40734675.0,,,1060000,Single Family Residential,PAST SALE,July-7-2016,EBRD/CCAR/Bay East,2414.0,CA,Sold,http://www.redfin.com/CA/Oakland/5750-Buena-Vista-Ave-94618/home/1405535,1993.0,94618,1.0,0.0,0.0,0.0,0.0,0.0,338,46
842.0,5966 Chabolyn Ter,1.0,2.0,Oakland,218.0,N,,Y,37.8514592,Rockridge,-122.2446512,6439.0,40760389.0,,,1055000,Single Family Residential,PAST SALE,November-4-2016,EBRD/CCAR/Bay East,1253.0,CA,Sold,http://www.redfin.com/CA/Oakland/5966-Chabolyn-Ter-94618/home/1078634,1925.0,94618,1.0,0.0,0.0,0.0,0.0,0.0,218,73
925.0,5398 BRYANT Ave,1.0,2.0,Oakland,361.0,Y,,Y,37.8397999,Rockridge,-122.249811,4000.0,40737981.0,,,1050000,Single Family Residential,PAST SALE,June-14-2016,EBRD/CCAR/Bay East,1135.0,CA,Sold,http://www.redfin.com/CA/Oakland/5398-Bryant-Ave-94618/home/1892059,1914.0,94618,1.0,0.0,0.0,0.0,0.0,0.0,361,85
986.0,5328 SHAFTER Ave,1.5,2.0,Oakland,402.0,N,,Y,37.839998,Rock Bridge,-122.255279,3500.0,40738968.0,,,1317000,Single Family Residential,PAST SALE,May-4-2016,EBRD/CCAR/Bay East,1336.0,CA,Sold,http://www.redfin.com/CA/Oakland/5328-Shafter-Ave-94618/home/1077180,1914.0,94618,1.0,0.0,0.0,0.0,0.0,0.0,402,87
969.0,5590 Taft Ave,1.0,3.0,Oakland,256.0,N,,Y,37.8434008,Rockridge,-122.2477054,4240.0,40758729.0,,,1300000,Single Family Residential,PAST SALE,September-27-2016,EBRD/CCAR/Bay East,1341.0,CA,Sold,http://www.redfin.com/CA/Oakland/5590-Taft-Ave-94618/home/572789,1914.0,94618,1.0,0.0,0.0,0.0,0.0,0.0,256,84
944.0,5412 LAWTON Ave,2.0,3.0,Oakland,205.0,Y,,Y,37.8409506,Rockridge,-122.2524414,3400.0,40760014.0,,,1471000,Single Family Residential,PAST SALE,November-17-2016,EBRD/CCAR/Bay East,1558.0,CA,Sold,http://www.redfin.com/CA/Oakland/5412-Lawton-Ave-94618/home/529729,1915.0,94618,1.0,0.0,0.0,0.0,0.0,0.0,205,93
605.0,5954 Ocean Vw,2.0,2.0,Oakland,411.0,N,,Y,37.846292,Upper Rockridge,-122.244115,5664.0,40730131.0,,,1249000,Single Family Residential,PAST SALE,April-25-2016,EBRD/CCAR/Bay East,2065.0,CA,Sold,http://www.redfin.com/CA/Oakland/5954-Ocean-View-Dr-94618/home/1533596,1935.0,94618,1.0,0.0,0.0,0.0,0.0,0.0,411,69
606.0,5651 Oak Grove Ave,2.0,4.0,Oakland,317.0,N,,Y,37.8453122,Rockridge,-122.2544819,4995.0,40745535.0,,,1340000,Single Family Residential,PAST SALE,July-28-2016,EBRD/CCAR/Bay East,2213.0,CA,Sold,http://www.redfin.com/CA/Oakland/5651-Oak-Grove-Ave-94618/home/1164102,1913.0,94618,1.0,0.0,0.0,0.0,0.0,0.0,317,92
875.0,5525 Taft Ave,2.0,3.0,Oakland,292.0,Y,,Y,37.8421838,Rockridge,-122.2497102,4240.0,40748995.0,,,1400000,Single Family Residential,PAST SALE,August-22-2016,EBRD/CCAR/Bay East,1600.0,CA,Sold,http://www.redfin.com/CA/Oakland/5525-Taft-Ave-94618/home/1251022,1911.0,94618,1.0,0.0,0.0,0.0,0.0,0.0,292,91
1064.0,463 Hudson St,1.0,2.0,Oakland,5.0,N,,Y,37.8418556,Rockridge,-122.2554684,3240.0,40781749.0,,,1207000,Single Family Residential,PAST SALE,June-5-2017,EBRD/CCAR/Bay East,1134.0,CA,Sold,http://www.redfin.com/CA/Oakland/463-Hudson-St-94618/home/1140482,1911.0,94618,1.0,0.0,0.0,0.0,0.0,0.0,5,87
768.0,6020 HARWOOD Ave,2.0,3.0,Oakland,239.0,Y,,Y,37.8484814,Rockridge,-122.251719,3600.0,40757506.0,,,1045000,Single Family Residential,PAST SALE,October-14-2016,EBRD/CCAR/Bay East,1360.0,CA,Sold,http://www.redfin.com/CA/Oakland/6020-Harwood-Ave-94618/home/529763,1909.0,94618,1.0,0.0,0.0,0.0,0.0,0.0,239,93
595.0,5850 Acacia Ave,2.5,2.0,Oakland,43.0,N,,Y,37.8439025,Oakland,-122.2421145,7590.0,455702.0,,,1400000,Single Family Residential,PAST SALE,April-28-2017,San Francisco MLS,2353.0,CA,Sold,http://www.redfin.com/CA/Oakland/5850-Acacia-Ave-94618/home/1544027,1929.0,94618,1.0,0.0,0.0,0.0,0.0,0.0,43,64
652.0,650 63Rd St,2.0,4.0,Oakland,155.0,Y,,Y,37.8487215,Nobe,-122.2672817,3744.0,40762833,,,1220000,Single Family Residential,PAST SALE,January-6-2017,EBRD/CCAR/Bay East,1870.0,CA,Sold,http://www.redfin.com/CA/Oakland/650-63rd-St-94609/home/1715496,1911.0,94609,0.0,0.0,0.0,0.0,1.0,0.0,155,88
669.0,5735 VICENTE St,2.0,2.0,Oakland,256.0,N,,Y,37.8434844,Lower Rockridge,-122.2603841,7854.0,40754655,,,1102500,Single Family Residential,PAST SALE,September-27-2016,EBRD/CCAR/Bay East,1649.0,CA,Sold,http://www.redfin.com/CA/Oakland/5735-Vicente-St-94609/home/771493,1917.0,94609,0.0,0.0,0.0,0.0,1.0,0.0,256,84
576.0,785 65th St,2.0,3.0,Oakland,199.0,N,,Y,37.8497996,North Oakland,-122.2681276,4800.0,40762743,,,840000,Single Family Residential,PAST SALE,November-23-2016,EBRD/CCAR/Bay East,1458.0,CA,Sold,http://www.redfin.com/CA/Oakland/785-65th-St-94609/home/531654,1913.0,94609,0.0,0.0,0.0,0.0,1.0,0.0,199,90
724.0,536 59TH St,1.0,2.0,Oakland,338.0,N,,Y,37.8450683,Lower Rockridge,-122.2627502,4455.0,40748116,,,825000,Single Family Residential,PAST SALE,July-7-2016,EBRD/CCAR/Bay East,1140.0,CA,Sold,http://www.redfin.com/CA/Oakland/536-59th-St-94609/home/1680246,1922.0,94609,0.0,0.0,0.0,0.0,1.0,0.0,338,85
615.0,674 65th St,1.0,3.0,Oakland,220.0,N,,Y,37.8506205,Oak/Berk Border,-122.265045,1301.0,40755175,,,800000,Single Family Residential,PAST SALE,November-2-2016,EBRD/CCAR/Bay East,1301.0,CA,Sold,http://www.redfin.com/CA/Oakland/674-65th-St-94609/home/1799529,1911.0,94609,0.0,0.0,0.0,0.0,1.0,0.0,220,89
626.0,645 65th St,2.0,4.0,Oakland,312.0,Y,,Y,37.8503698,Berkeley Border,-122.2641286,4800.0,40747526,,,1100000,Single Family Residential,PAST SALE,August-2-2016,EBRD/CCAR/Bay East,1758.0,CA,Sold,http://www.redfin.com/CA/Oakland/645-65th-St-94609/home/879876,1907.0,94609,0.0,0.0,0.0,0.0,1.0,0.0,312,84
1017.0,6022 COLBY St,2.0,3.0,Oakland,423.0,N,,Y,37.8474221,Rockridge,-122.2562159,3125.0,40731739,,,1450000,Single Family Residential,PAST SALE,April-13-2016,EBRD/CCAR/Bay East,1426.0,CA,Sold,http://www.redfin.com/CA/Oakland/6022-Colby-St-94618/home/921084,1914.0,94618,0.0,0.0,0.0,0.0,1.0,0.0,423,90
560.0,515 63rd St,1.0,2.0,Oakland,442.0,N,,Y,37.8484413,Alameda County,-122.2613168,3302.0,21601004,,,645000,Single Family Residential,PAST SALE,March-25-2016,BAREIS,1152.0,CA,Sold,http://www.redfin.com/CA/Oakland/515-63rd-St-94609/home/1267474,1912.0,94609,0.0,0.0,0.0,0.0,1.0,0.0,442,90
486.0,588 55th St,2.0,4.0,Oakland,193.0,N,,Y,37.840649,Alameda County,-122.263967,2710.0,21621837,,,730000,Single Family Residential,PAST SALE,November-29-2016,BAREIS,1501.0,CA,Sold,http://www.redfin.com/CA/Oakland/588-55th-St-94609/home/1951937,1910.0,94609,0.0,0.0,0.0,0.0,1.0,0.0,193,91
869.0,674 POIRIER St,1.5,2.0,Oakland,309.0,N,,Y,37.8471804,Oak/Berk Border,-122.26798,4160.0,40744915,,,1085000,Single Family Residential,PAST SALE,August-5-2016,EBRD/CCAR/Bay East,1248.0,CA,Sold,http://www.redfin.com/CA/Oakland/674-Poirier-St-94609/home/1726972,1908.0,94609,0.0,0.0,0.0,0.0,1.0,0.0,309,87
914.0,476 59TH St,1.0,2.0,Oakland,331.0,N,,Y,37.845366,Lower Rockridge,-122.260242,3800.0,40743802,,,1100000,Single Family Residential,PAST SALE,July-14-2016,EBRD/CCAR/Bay East,1203.0,CA,Sold,http://www.redfin.com/CA/Oakland/476-59th-St-94609/home/629681,1912.0,94609,0.0,0.0,0.0,0.0,1.0,0.0,331,85
836.0,5686 Carberry Ave,1.0,2.0,Oakland,8.0,Y,,Y,37.8428331,Idora Park,-122.262253,5000.0,40777863,,,1165000,Single Family Residential,PAST SALE,June-2-2017,EBRD/CCAR/Bay East,1394.0,CA,Sold,http://www.redfin.com/CA/Oakland/5686-Carberry-Ave-94609/home/1352976,1931.0,94609,0.0,0.0,0.0,0.0,1.0,0.0,8,87
604.0,5822 Shattuck Ave,1.0,3.0,Oakland,1.0,N,,Y,37.8439852,North Oakland,-122.2646967,4160.0,40781148,,,877000,Single Family Residential,PAST SALE,June-9-2017,EBRD/CCAR/Bay East,1453.0,CA,Sold,http://www.redfin.com/CA/Oakland/5822-Shattuck-Ave-94609/home/1630572,1923.0,94609,0.0,0.0,0.0,0.0,1.0,0.0,1,87
536.0,612 62nd St,2.0,3.0,Oakland,71.0,N,,Y,37.8481615,Oakland,-122.2659683,2788.0,453820,,,650000,Single Family Residential,PAST SALE,March-31-2017,San Francisco MLS,1212.0,CA,Sold,http://www.redfin.com/CA/Oakland/612-62nd-St-94609/home/1353028,1915.0,94609,0.0,0.0,0.0,0.0,1.0,0.0,71,89
897.0,548 60Th St,1.0,2.0,Oakland,50.0,N,,Y,37.8465627,Oak/Berk Border,-122.2618984,4900.0,40773715,,,1275000,Single Family Residential,PAST SALE,April-21-2017,EBRD/CCAR/Bay East,1422.0,CA,Sold,http://www.redfin.com/CA/Oakland/548-60th-St-94609/home/1891142,1928.0,94609,0.0,0.0,0.0,0.0,1.0,0.0,50,86
884.0,541 63rd St,2.0,3.0,Oakland,4.0,Y,,Y,37.8483172,Nobe,-122.2623505,2050.0,40779875,,,1110000,Single Family Residential,PAST SALE,June-6-2017,EBRD/CCAR/Bay East,1256.0,CA,Sold,http://www.redfin.com/CA/Oakland/541-63rd-St-94609/home/530945,1923.0,94609,0.0,0.0,0.0,0.0,1.0,0.0,4,90
813.0,649 65Th St,2.0,3.0,Oakland,29.0,Y,,Y,37.8503111,N.Oakland,-122.2642748,4800.0,40775107,,,1430000,Single Family Residential,PAST SALE,May-12-2017,EBRD/CCAR/Bay East,1758.0,CA,Sold,http://www.redfin.com/CA/Oakland/649-65th-St-94609/home/531631,1918.0,94609,0.0,0.0,0.0,0.0,1.0,0.0,29,89
1050.0,408 63rd St,1.0,2.0,Oakland,29.0,Y,,Y,37.8493639,Rockridge,-122.2570975,3300.0,40775988,,,1210000,Single Family Residential,PAST SALE,May-12-2017,EBRD/CCAR/Bay East,1152.0,CA,Sold,http://www.redfin.com/CA/Oakland/408-63rd-St-94609/home/1000166,1923.0,94609,0.0,0.0,0.0,0.0,1.0,0.0,29,90
954.0,755 65Th St,1.0,2.0,Oakland,85.0,N,,Y,37.8499548,North Oakland,-122.2672491,6000.0,40770978,,,1115000,Single Family Residential,PAST SALE,March-17-2017,EBRD/CCAR/Bay East,1169.0,CA,Sold,http://www.redfin.com/CA/Oakland/755-65th-St-94609/home/1808598,1922.0,94609,0.0,0.0,0.0,0.0,1.0,0.0,85,91
744.0,668 65th St,4.0,4.0,OAKLAND,43.0,N,,Y,37.8506151,OAKLAND,-122.2649366,3071.0,ML81641984,,,1450000,Single Family Residential,PAST SALE,April-28-2017,MLSListings,1950.0,CA,Sold,http://www.redfin.com/CA/Oakland/668-65th-St-94609/home/531331,1911.0,94609,0.0,0.0,0.0,0.0,1.0,0.0,43,89
1188.0,6286 Colby St,2.0,2.0,Oakland,8.0,N,,Y,37.8493534,Rockridge,-122.2564889,4375.0,40778754,,,1400000,Single Family Residential,PAST SALE,June-2-2017,EBRD/CCAR/Bay East,1178.0,CA,Sold,http://www.redfin.com/CA/Oakland/6286-Colby-St-94618/home/1902269,1910.0,94618,0.0,0.0,0.0,0.0,1.0,0.0,8,92
1039.0,6334 COLBY St,1.0,2.0,Oakland,246.0,N,,Y,37.8505317,Rockridge/Elmwd,-122.2566755,4233.0,40757484,,,925000,Single Family Residential,PAST SALE,October-7-2016,EBRD/CCAR/Bay East,890.0,CA,Sold,http://www.redfin.com/CA/Oakland/6334-Colby-St-94618/home/531129,1910.0,94618,0.0,0.0,0.0,0.0,1.0,0.0,246,92
764.0,383 60th St,2.0,1.0,Oakland,64.0,N,,Y,37.8467016,Rockridge,-122.2557197,3432.0,40773288,,,755000,Single Family Residential,PAST SALE,April-7-2017,EBRD/CCAR/Bay East,988.0,CA,Sold,http://www.redfin.com/CA/Oakland/383-60th-St-94618/home/1340608,1905.0,94618,0.0,0.0,0.0,0.0,1.0,0.0,64,88
378.0,6120 Racine,2.0,4.0,Oakland,52.0,N,,Y,37.8475389,N.Oakland,-122.2619888,4900.0,40770163,,,980000,Single Family Residential,PAST SALE,April-19-2017,EBRD/CCAR/Bay East,2594.0,CA,Sold,http://www.redfin.com/CA/Oakland/6120-Racine-St-94609/home/1411464,1910.0,94609,0.0,0.0,0.0,0.0,1.0,0.0,52,90
1084.0,6436 Colby St,1.0,2.0,Oakland,9.0,N,,Y,37.852186,Rockridge,-122.2567314,5200.0,40779648,,,1410000,Single Family Residential,PAST SALE,June-1-2017,EBRD/CCAR/Bay East,1301.0,CA,Sold,http://www.redfin.com/CA/Oakland/6436-Colby-St-94618/home/2000188,1919.0,94618-1310,0.0,0.0,0.0,0.0,1.0,0.0,9,90
1196.0,471 Mcauley St,1.0,2.0,Oakland,39.0,Y,,Y,37.845698,Rockridge,-122.259838,3000.0,40777119,,,1320000,Single Family Residential,PAST SALE,May-2-2017,EBRD/CCAR/Bay East,1104.0,CA,Sold,http://www.redfin.com/CA/Oakland/471-McAuley-St-94609/home/771661,1906.0,94609,0.0,0.0,0.0,0.0,1.0,0.0,39,85
535.0,540 59Th St,1.0,2.0,Oakland,135.0,N,,Y,37.8450516,North Oakland,-122.262862,4500.0,40765972,,,820000,Single Family Residential,PAST SALE,January-26-2017,EBRD/CCAR/Bay East,1532.0,CA,Sold,http://www.redfin.com/CA/Oakland/540-59th-St-94609/home/1842726,1924.0,94609,0.0,0.0,0.0,0.0,1.0,0.0,135,85
907.0,360 Alcatraz Ave,1.5,3.0,Oakland,78.0,N,,Y,37.8510937,Rockridge,-122.2552766,4000.0,40770397,,,1490000,Single Family Residential,PAST SALE,March-24-2017,EBRD/CCAR/Bay East,1642.0,CA,Sold,http://www.redfin.com/CA/Oakland/360-Alcatraz-Ave-94618/home/1140577,1908.0,94618,0.0,0.0,0.0,0.0,1.0,0.0,78,92
419.0,6452 Regent St,3.0,5.0,Oakland,8.0,N,,Y,37.852898,Rockridge,-122.2557613,5200.0,40779525,,,1350000,Single Family Residential,PAST SALE,June-2-2017,EBRD/CCAR/Bay East,3222.0,CA,Sold,http://www.redfin.com/CA/Oakland/6452-Regent-St-94618/home/1546253,1916.0,94618,0.0,0.0,0.0,0.0,1.0,0.0,8,90
667.0,6019 Hillegass Ave,2.5,4.0,Oakland,15.0,N,,Y,37.84746,Oakland,-122.254521,3750.0,40779836,,,1314000,Single Family Residential,PAST SALE,May-26-2017,EBRD/CCAR/Bay East,1970.0,CA,Sold,http://www.redfin.com/CA/Oakland/6019-Hillegass-Ave-94618/home/1340599,1915.0,94618,0.0,0.0,0.0,0.0,1.0,0.0,15,91
940.0,470 61ST St,2.0,3.0,Oakland,442.0,N,,Y,37.8475184,Lower Rockridge,-122.2600875,3168.0,40731219,,,925000,Single Family Residential,PAST SALE,March-25-2016,EBRD/CCAR/Bay East,984.0,CA,Sold,http://www.redfin.com/CA/Oakland/470-61st-St-94609/home/531903,1922.0,94609,0.0,0.0,0.0,0.0,1.0,0.0,442,88
687.0,597 59TH St,3.0,3.0,Oakland,317.0,N,,Y,37.844435,Nobe,-122.2646716,4680.0,40740368,,,1125000,Single Family Residential,PAST SALE,July-28-2016,EBRD/CCAR/Bay East,1638.0,CA,Sold,http://www.redfin.com/CA/Oakland/597-59th-St-94609/home/1455967,1908.0,94609,0.0,0.0,0.0,0.0,1.0,0.0,317,86
763.0,5964 CANNING St,2.0,3.0,Oakland,235.0,N,,Y,37.8463628,Lower Rockridge,-122.2591988,4000.0,40752113,,,980000,Single Family Residential,PAST SALE,October-18-2016,EBRD/CCAR/Bay East,1284.0,CA,Sold,http://www.redfin.com/CA/Oakland/5964-Canning-St-94609/home/528396,1912.0,94609,0.0,0.0,0.0,0.0,1.0,0.0,235,86
649.0,646 FAIRVIEW St,1.5,4.0,Oakland,229.0,N,,Y,37.8513529,Berkeley Border,-122.2641562,3360.0,40754453,,,800000,Single Family Residential,PAST SALE,October-24-2016,EBRD/CCAR/Bay East,1233.0,CA,Sold,http://www.redfin.com/CA/Oakland/646-Fairview-St-94609/home/531603,1910.0,94609,0.0,0.0,0.0,0.0,1.0,0.0,229,84
771.0,6618 Tremont St,1.5,3.0,Oakland,438.0,N,,Y,37.851652,Nobe,-122.267611,4000.0,40728524,,,1153000,Single Family Residential,PAST SALE,March-29-2016,EBRD/CCAR/Bay East,1495.0,CA,Sold,http://www.redfin.com/CA/Oakland/6618-Tremont-St-94609/home/1774604,1895.0,94609,0.0,0.0,0.0,0.0,1.0,0.0,438,92
851.0,5810 Ayala Ave,2.0,2.0,Oakland,99.0,N,,Y,37.8444351,Rockridge,-122.2577976,,40767946,,,995000,Single Family Residential,PAST SALE,March-3-2017,EBRD/CCAR/Bay East,1169.0,CA,Sold,http://www.redfin.com/CA/Oakland/5810-Ayala-Ave-94609/home/59435571,2004.0,94609,0.0,0.0,0.0,0.0,1.0,0.0,99,88
1000.0,6552 Dover St,1.0,2.0,Oakland,199.0,N,,Y,37.8509737,Oakland,-122.2685214,2300.0,451533,,,800000,Single Family Residential,PAST SALE,November-23-2016,San Francisco MLS,800.0,CA,Sold,http://www.redfin.com/CA/Oakland/6552-Dover-St-94609/home/1774387,1920.0,94609,0.0,0.0,0.0,0.0,1.0,0.0,199,92
593.0,5845 Colby,2.0,4.0,Oakland,225.0,N,,Y,37.8457521,Rockridge,-122.2565219,4360.0,40756047,,,1450000,Single Family Residential,PAST SALE,October-28-2016,EBRD/CCAR/Bay East,2444.0,CA,Sold,http://www.redfin.com/CA/Oakland/5845-Colby-St-94618/home/531965,1913.0,94618,0.0,0.0,0.0,0.0,1.0,0.0,225,88
593.0,544 59TH St,2.0,3.0,Oakland,285.0,N,,Y,37.8450557,Temescal,-122.262983,4455.0,40749982,,,963000,Single Family Residential,PAST SALE,August-29-2016,EBRD/CCAR/Bay East,1625.0,CA,Sold,http://www.redfin.com/CA/Oakland/544-59th-St-94609/home/1164164,1922.0,94609,0.0,0.0,0.0,0.0,1.0,0.0,285,85
709.0,465 65TH St,1.5,3.0,Oakland,325.0,Y,,Y,37.850921,N Oakland,-122.259312,4025.0,40744030,,,1250000,Single Family Residential,PAST SALE,July-20-2016,EBRD/CCAR/Bay East,1764.0,CA,Sold,http://www.redfin.com/CA/Oakland/465-65th-St-94609/home/1956961,1913.0,94609,0.0,0.0,0.0,0.0,1.0,0.0,325,91
652.0,6111 Hillegass Ave,3.0,4.0,Oakland,187.0,N,,Y,37.8483852,Rockridge,-122.2546001,3150.0,40763321,,,1400000,Single Family Residential,PAST SALE,December-5-2016,EBRD/CCAR/Bay East,2148.0,CA,Sold,http://www.redfin.com/CA/Oakland/6111-Hillegass-Ave-94618/home/1913530,1910.0,94618,0.0,0.0,0.0,0.0,1.0,0.0,187,91
639.0,6151 SHATTUCK Ave,1.0,2.0,Oakland,402.0,N,,Y,37.847406,Berkeley,-122.265732,3008.0,40730881,,,695000,Single Family Residential,PAST SALE,May-4-2016,EBRD/CCAR/Bay East,1088.0,CA,Sold,http://www.redfin.com/CA/Oakland/6151-Shattuck-Ave-94609/home/1936289,1923.0,94609,0.0,0.0,0.0,0.0,1.0,0.0,402,89
816.0,5711 HERMANN St,1.5,3.0,Oakland,400.0,N,,Y,37.843324,Lower Rockridge,-122.25925,7500.0,40734154,,,1065000,Single Family Residential,PAST SALE,May-6-2016,EBRD/CCAR/Bay East,1305.0,CA,Sold,http://www.redfin.com/CA/Oakland/5711-Hermann-St-94609/home/833848,1914.0,94609,0.0,0.0,0.0,0.0,1.0,0.0,400,83
877.0,462 61st St,2.0,2.0,Oakland,350.0,N,,Y,37.8475583,Lower Rockridge,-122.2598658,2816.0,40742130,,,1365000,Single Family Residential,PAST SALE,June-25-2016,EBRD/CCAR/Bay East,1557.0,CA,Sold,http://www.redfin.com/CA/Oakland/462-61st-St-94609/home/1403934,1920.0,94609,0.0,0.0,0.0,0.0,1.0,0.0,350,88
527.0,5667 CARBERRY Ave,2.5,3.0,Oakland,240.0,Y,,Y,37.8424419,Idora Park,-122.2627569,4000.0,40756125,,,1000000,Single Family Residential,PAST SALE,October-13-2016,EBRD/CCAR/Bay East,1897.0,CA,Sold,http://www.redfin.com/CA/Oakland/5667-Carberry-Ave-94609/home/1799382,1941.0,94609,0.0,0.0,0.0,0.0,1.0,0.0,240,87
533.0,5825 RACINE St,2.5,4.0,Oakland,299.0,N,,Y,37.844663,Temescal,-122.2618007,4000.0,40746591,,,1000000,Single Family Residential,PAST SALE,August-15-2016,EBRD/CCAR/Bay East,1876.0,CA,Sold,http://www.redfin.com/CA/Oakland/5825-Racine-St-94609/home/530728,1912.0,94609,0.0,0.0,0.0,0.0,1.0,0.0,299,86
499.0,555 AILEEN St,2.0,4.0,Oakland,127.0,N,,Y,37.841738,Idora Park,-122.263344,4320.0,40764814,,,955000,Single Family Residential,PAST SALE,February-3-2017,EBRD/CCAR/Bay East,1913.0,CA,Sold,http://www.redfin.com/CA/Oakland/555-Aileen-St-94609/home/2017157,1931.0,94609,0.0,0.0,0.0,0.0,1.0,0.0,127,87
694.0,617 60TH St,2.0,3.0,Oakland,197.0,N,,Y,37.8456586,Nobe,-122.2657059,2520.0,40756600,,,850000,Single Family Residential,PAST SALE,November-25-2016,EBRD/CCAR/Bay East,1225.0,CA,Sold,http://www.redfin.com/CA/Oakland/617-60th-St-94609/home/1774335,1908.0,94609,0.0,0.0,0.0,0.0,1.0,0.0,197,86
301.0,5650 Shattuck,2.5,3.0,Oakland,351.0,N,,Y,37.8421486,North Oakland,-122.2644649,2649.0,40736884,,,675000,Single Family Residential,PAST SALE,June-24-2016,EBRD/CCAR/Bay East,2244.0,CA,Sold,http://www.redfin.com/CA/Oakland/5650-Shattuck-Ave-94609/home/102285966,1920.0,94609,0.0,0.0,0.0,0.0,1.0,0.0,351,85
612.0,5800 SHATTUCK Ave,1.0,2.0,Oakland,428.0,N,,Y,37.8436216,Nobe,-122.2647401,2745.0,40729130,,,710000,Single Family Residential,PAST SALE,April-8-2016,EBRD/CCAR/Bay East,1161.0,CA,Sold,http://www.redfin.com/CA/Oakland/5800-Shattuck-Ave-94609/home/530798,1923.0,94609,0.0,0.0,0.0,0.0,1.0,0.0,428,87
810.0,638 62ND St,2.0,3.0,Oakland,292.0,N,,Y,37.8480625,Nobe,-122.2668904,4160.0,40748437,,,1200000,Single Family Residential,PAST SALE,August-22-2016,EBRD/CCAR/Bay East,1481.0,CA,Sold,http://www.redfin.com/CA/Oakland/638-62nd-St-94609/home/2004994,1911.0,94609,0.0,0.0,0.0,0.0,1.0,0.0,292,89
765.0,5834 Ayala Ave,2.0,2.0,Oakland,106.0,N,,Y,37.844783,Rockridge,-122.257185,3800.0,40768297,,,1150000,Single Family Residential,PAST SALE,February-24-2017,EBRD/CCAR/Bay East,1504.0,CA,Sold,http://www.redfin.com/CA/Oakland/5834-Ayala-Ave-94609/home/865959,1910.0,94609,0.0,0.0,0.0,0.0,1.0,0.0,106,88
600.0,645 SANTA RAY Ave,1.5,3.0,Oakland,275.0,Y,,Y,37.8111891,Crocker Hghlands,-122.2395194,4056.0,40749229,,,1075000,Single Family Residential,PAST SALE,September-8-2016,EBRD/CCAR/Bay East,1793.0,CA,Sold,http://www.redfin.com/CA/Oakland/645-Santa-Ray-Ave-94610/home/1586520,1910.0,94610,0.0,1.0,0.0,0.0,0.0,0.0,275,87
633.0,918 UNDERHILLS Rd,1.0,3.0,Oakland,409.0,N,14.0,Y,37.8081127,Crocker Hghlands,-122.2300567,5096.0,40738146,,,975000,Single Family Residential,PAST SALE,April-27-2016,EBRD/CCAR/Bay East,1540.0,CA,Sold,http://www.redfin.com/CA/Oakland/918-Underhills-Rd-94610/home/1756279,1923.0,94610,0.0,1.0,0.0,0.0,0.0,0.0,409,69
809.0,1260 TRESTLE GLEN Rd,2.0,3.0,Oakland,411.0,N,16.0,Y,37.8077625,Crocker Hghlands,-122.2295557,8568.0,40737703,,,1430000,Single Family Residential,PAST SALE,April-25-2016,EBRD/CCAR/Bay East,1768.0,CA,Sold,http://www.redfin.com/CA/Oakland/1260-Trestle-Glen-Rd-94610/home/1727367,1926.0,94610,0.0,1.0,0.0,0.0,0.0,0.0,411,68
513.0,1453 Barrows Rd,2.5,4.0,Oakland,170.0,N,15.0,Y,37.8085483,Crocker Hghlands,-122.2254544,4104.0,40761473,,,1255000,Single Family Residential,PAST SALE,December-22-2016,EBRD/CCAR/Bay East,2447.0,CA,Sold,http://www.redfin.com/CA/Oakland/1453-Barrows-Rd-94610/home/1286911,1930.0,94610,0.0,1.0,0.0,0.0,0.0,0.0,170,72
589.0,839 Mandana Blvd,3.0,5.0,OAKLAND,134.0,N,175.0,Y,37.8116462,OAKLAND,-122.2313587,5000.0,ML81625675,,,1325000,Single Family Residential,PAST SALE,January-27-2017,MLSListings,2248.0,CA,Sold,http://www.redfin.com/CA/Oakland/839-Mandana-Blvd-94610/home/1586486,1923.0,94610,0.0,1.0,0.0,0.0,0.0,0.0,134,60
573.0,1544 Trestle Glen Rd,2.5,4.0,Oakland,199.0,Y,,Y,37.8105067,Crocker Hghlands,-122.223743,5428.0,40763053,,,1200000,Single Family Residential,PAST SALE,November-23-2016,EBRD/CCAR/Bay East,2094.0,CA,Sold,http://www.redfin.com/CA/Oakland/1544-Trestle-Glen-Rd-94610/home/1163863,1929.0,94610,0.0,1.0,0.0,0.0,0.0,0.0,199,70
592.0,801 CALMAR Ave,3.5,4.0,Oakland,318.0,N,,Y,37.8131014,Crocker Hghlands,-122.233501,6450.0,40741316,,,1375000,Single Family Residential,PAST SALE,July-27-2016,EBRD/CCAR/Bay East,2324.0,CA,Sold,http://www.redfin.com/CA/Oakland/801-Calmar-Ave-94610/home/771156,1925.0,94610,0.0,1.0,0.0,0.0,0.0,0.0,318,59
653.0,4145 GREENWOOD Ave,1.0,2.0,Oakland,225.0,N,,Y,37.8077076,Crocker/Glenview,-122.2242607,2769.0,40759186,,,800000,Single Family Residential,PAST SALE,October-28-2016,EBRD/CCAR/Bay East,1226.0,CA,Sold,http://www.redfin.com/CA/Oakland/4145-Greenwood-Ave-94602/home/1267666,1923.0,94602,0.0,1.0,0.0,0.0,0.0,0.0,225,74
741.0,1307 TRESTLE GLEN Rd,1.5,2.0,Oakland,274.0,Y,14.0,Y,37.8077067,Crocker Hghlands,-122.2284596,6696.0,40750071,,,1200000,Single Family Residential,PAST SALE,September-9-2016,EBRD/CCAR/Bay East,1620.0,CA,Sold,http://www.redfin.com/CA/Oakland/1307-Trestle-Glen-Rd-94610/home/1117645,1928.0,94610,0.0,1.0,0.0,0.0,0.0,0.0,274,68
783.0,738 Mandana Blvd,1.0,3.0,Oakland,428.0,N,,Y,37.810829,Crocker Hghlands,-122.2355537,3196.0,40730512,,,900000,Single Family Residential,PAST SALE,April-8-2016,EBRD/CCAR/Bay East,1150.0,CA,Sold,http://www.redfin.com/CA/Oakland/738-Mandana-Blvd-94610/home/526598,1925.0,94610,0.0,1.0,0.0,0.0,0.0,0.0,428,73
857.0,687 Mandana Blvd,1.0,2.0,Oakland,107.0,Y,15.0,Y,37.8102629,Crocker Hghlands,-122.2377844,5750.0,40765161,,,950000,Single Family Residential,PAST SALE,February-23-2017,EBRD/CCAR/Bay East,1109.0,CA,Sold,http://www.redfin.com/CA/Oakland/687-Mandana-Blvd-94610/home/1515620,1921.0,94610,0.0,1.0,0.0,0.0,0.0,0.0,107,80
882.0,4267 LAKESHORE Ave,2.0,3.0,Oakland,221.0,Y,,Y,37.8152528,Crocker Hghlands,-122.2321894,3000.0,40759158,,,1200000,Single Family Residential,PAST SALE,November-1-2016,EBRD/CCAR/Bay East,1360.0,CA,Sold,http://www.redfin.com/CA/Oakland/4267-Lakeshore-Ave-94610/home/1890966,1950.0,94610,0.0,1.0,0.0,0.0,0.0,0.0,221,69
617.0,751 Walavista Ave,3.0,3.0,Oakland,206.0,Y,,Y,37.8143941,Crocker Hghlands,-122.2331488,4300.0,40761532,,,1317000,Single Family Residential,PAST SALE,November-16-2016,EBRD/CCAR/Bay East,2134.0,CA,Sold,http://www.redfin.com/CA/Oakland/751-Walavista-Ave-94610/home/616754,1936.0,94610,0.0,1.0,0.0,0.0,0.0,0.0,206,56
395.0,4217 Balfour Ave,1.0,3.0,Oakland,397.0,N,,Y,37.8141251,San Francisco,-122.2327584,3350.0,14-798721,,,770000,Single Family Residential,PAST SALE,May-9-2016,TheMLS,1950.0,CA,Sold,http://www.redfin.com/CA/Oakland/4217-Balfour-Ave-94610/home/1361820,,94610,0.0,1.0,0.0,0.0,0.0,0.0,397,59
694.0,1042 TRESTLE GLEN Rd,2.0,3.0,Oakland,401.0,Y,16.0,Y,37.807486,Crocker Hghlands,-122.235367,9417.0,40733572,,,1425000,Single Family Residential,PAST SALE,May-5-2016,EBRD/CCAR/Bay East,2053.0,CA,Sold,http://www.redfin.com/CA/Oakland/1042-Trestle-Glen-Rd-94610/home/1871762,1927.0,94610,0.0,1.0,0.0,0.0,0.0,0.0,401,67
568.0,1230 HOLMAN Rd,1.5,3.0,Oakland,192.0,N,13.0,Y,37.8066122,Crocker Hghlands,-122.2301911,5300.0,40756445,,,1020000,Single Family Residential,PAST SALE,November-30-2016,EBRD/CCAR/Bay East,1796.0,CA,Sold,http://www.redfin.com/CA/Oakland/1230-Holman-Rd-94610/home/617729,1927.0,94610,0.0,1.0,0.0,0.0,0.0,0.0,192,69
647.0,781 ROSEMOUNT Rd,1.0,3.0,Oakland,395.0,Y,15.0,Y,37.8085623,Crocker Hghlands,-122.237879,5088.0,40735475,,,1069000,Single Family Residential,PAST SALE,May-11-2016,EBRD/CCAR/Bay East,1653.0,CA,Sold,http://www.redfin.com/CA/Oakland/781-Rosemount-Rd-94610/home/526950,1922.0,94610,0.0,1.0,0.0,0.0,0.0,0.0,395,78
646.0,1278 BATES Rd,2.5,3.0,Oakland,353.0,Y,14.0,Y,37.8063144,Crocker Hghlands,-122.22904,3913.0,40739211,,,1215000,Single Family Residential,PAST SALE,June-22-2016,EBRD/CCAR/Bay East,1882.0,CA,Sold,http://www.redfin.com/CA/Oakland/1278-Bates-Rd-94610/home/1563275,1924.0,94610,0.0,1.0,0.0,0.0,0.0,0.0,353,64
706.0,1249 Bates Rd,3.0,3.0,Oakland,24.0,Y,16.0,Y,37.8058694,Crocker Hghlands,-122.2296094,7040.0,40775350,,,1065000,Single Family Residential,PAST SALE,May-17-2017,EBRD/CCAR/Bay East,1508.0,CA,Sold,http://www.redfin.com/CA/Oakland/1249-Bates-Rd-94610/home/1340973,1924.0,94610,0.0,1.0,0.0,0.0,0.0,0.0,24,64
565.0,841 Santa Ray Ave,2.5,4.0,Oakland,18.0,N,,Y,37.8123999,Crocker Hghlands,-122.231286,5250.0,40778227,,,1235000,Single Family Residential,PAST SALE,May-23-2017,EBRD/CCAR/Bay East,2184.0,CA,Sold,http://www.redfin.com/CA/Oakland/841-Santa-Ray-Ave-94610/home/526850,1925.0,94610,0.0,1.0,0.0,0.0,0.0,0.0,18,60
413.0,4160 Balfour Ave,1.5,3.0,Oakland,5.0,Y,,Y,37.8138065,Crocker Hghlands,-122.2333518,4000.0,40778135,,,815000,Single Family Residential,PAST SALE,June-5-2017,EBRD/CCAR/Bay East,1974.0,CA,Sold,http://www.redfin.com/CA/Oakland/4160-Balfour-Ave-94610/home/1285317,1924.0,94610,0.0,1.0,0.0,0.0,0.0,0.0,5,59
628.0,908 Rosemount Rd,2.5,3.0,Oakland,4.0,Y,15.0,Y,37.8093041,Crocker Hghlands,-122.2336775,5250.0,40780285,,,1150000,Single Family Residential,PAST SALE,June-6-2017,EBRD/CCAR/Bay East,1830.0,CA,Sold,http://www.redfin.com/CA/Oakland/908-Rosemount-Rd-94610/home/1605735,1939.0,94610,0.0,1.0,0.0,0.0,0.0,0.0,4,64
636.0,4151 Lakeshore,2.0,4.0,Oakland,261.0,N,,Y,37.8163351,Crocker Hghlands,-122.2338141,4520.0,40751136,,,1400000,Single Family Residential,PAST SALE,September-22-2016,EBRD/CCAR/Bay East,2202.0,CA,Sold,http://www.redfin.com/CA/Oakland/4151-Lakeshore-Ave-94610/home/526808,1923.0,94610,0.0,1.0,0.0,0.0,0.0,0.0,261,61
892.0,560 KENMORE Ave,1.0,2.0,Oakland,436.0,Y,,Y,37.8155691,Crocker Hghlands,-122.2398026,3108.0,40730289,,,1215000,Single Family Residential,PAST SALE,March-31-2016,EBRD/CCAR/Bay East,1362.0,CA,Sold,http://www.redfin.com/CA/Oakland/560-Kenmore-Ave-94610/home/526769,1923.0,94610,0.0,1.0,0.0,0.0,0.0,0.0,436,80
949.0,1621 TRESTLE GLEN Rd,1.0,2.0,Oakland,276.0,N,,Y,37.8112758,Crocker Hghlands,-122.2219646,10441.0,40753095,,,1025000,Single Family Residential,PAST SALE,September-7-2016,EBRD/CCAR/Bay East,1080.0,CA,Sold,http://www.redfin.com/CA/Oakland/1621-Trestle-Glen-Rd-94610/home/1891404,1927.0,94610,0.0,1.0,0.0,0.0,0.0,0.0,276,62
771.0,974 Underhills Rd,2.0,3.0,Oakland,173.0,Y,15.0,Y,37.8085865,Crocker Hghlands,-122.2288433,5000.0,40764318,,,1030000,Single Family Residential,PAST SALE,December-19-2016,EBRD/CCAR/Bay East,1336.0,CA,Sold,http://www.redfin.com/CA/Oakland/974-Underhills-Rd-94610/home/1455446,1955.0,94610,0.0,1.0,0.0,0.0,0.0,0.0,173,68
535.0,668 Brookwood Pl,2.0,3.0,Oakland,121.0,N,,Y,37.809007,Trestle Glen,-122.241849,6000.0,40766026,,,1012000,Single Family Residential,PAST SALE,February-9-2017,EBRD/CCAR/Bay East,1891.0,CA,Sold,http://www.redfin.com/CA/Oakland/668-Brookwood-Pl-94610/home/536143,1922.0,94610,0.0,1.0,0.0,0.0,0.0,0.0,121,93
658.0,3977 GREENWOOD Ave,1.0,2.0,Oakland,246.0,Y,,Y,37.8066828,Glenview,-122.2267598,4240.0,40754715,,,787000,Single Family Residential,PAST SALE,October-7-2016,EBRD/CCAR/Bay East,1196.0,CA,Sold,http://www.redfin.com/CA/Oakland/3977-Greenwood-Ave-94602/home/1040589,1922.0,94602,0.0,1.0,0.0,0.0,0.0,0.0,246,69
487.0,3965 GREENWOOD Ave,2.0,4.0,Oakland,295.0,Y,,Y,37.8065372,Glenview,-122.2269486,4325.0,40747992,,,1050000,Single Family Residential,PAST SALE,August-19-2016,EBRD/CCAR/Bay East,2156.0,CA,Sold,http://www.redfin.com/CA/Oakland/3965-Greenwood-Ave-94602/home/866429,1912.0,94602,0.0,1.0,0.0,0.0,0.0,0.0,295,69
700.0,1079 UNDERHILLS Rd,2.0,4.0,Oakland,397.0,N,15.0,Y,37.8098867,Crocker Hghlands,-122.2268798,7828.0,40732005,,,1420000,Single Family Residential,PAST SALE,May-9-2016,EBRD/CCAR/Bay East,2028.0,CA,Sold,http://www.redfin.com/CA/Oakland/1079-Underhills-Rd-94610/home/1421413,1929.0,94610,0.0,1.0,0.0,0.0,0.0,0.0,397,73
599.0,939 HILLCROFT Cir,3.0,4.0,Oakland,200.0,N,14.0,Y,37.8078981,Crocker Hghlands,-122.2322623,5500.0,40758195,,,1355000,Single Family Residential,PAST SALE,November-22-2016,EBRD/CCAR/Bay East,2261.0,CA,Sold,http://www.redfin.com/CA/Oakland/939-Hillcroft-Cir-94610/home/1605729,1927.0,94610,0.0,1.0,0.0,0.0,0.0,0.0,200,65
615.0,1436 Trestle Glen Rd,3.0,3.0,Oakland,71.0,N,,Y,37.8093166,Oakland,-122.2261899,6821.0,40770494,,,1490000,Single Family Residential,PAST SALE,March-31-2017,EBRD/CCAR/Bay East,2422.0,CA,Sold,http://www.redfin.com/CA/Oakland/1436-Trestle-Glen-Rd-94610/home/1727361,1922.0,94610,0.0,1.0,0.0,0.0,0.0,0.0,71,72
626.0,1284 Bates Rd,1.0,2.0,Oakland,39.0,N,,Y,37.8063348,Oakland,-122.2288986,3822.0,456999,,,750000,Single Family Residential,PAST SALE,May-2-2017,San Francisco MLS,1199.0,CA,Sold,http://www.redfin.com/CA/Oakland/1284-Bates-Rd-94610/home/1422137,1924.0,94610,0.0,1.0,0.0,0.0,0.0,0.0,39,64
592.0,1406 Holman Rd,3.0,3.0,Oakland,269.0,N,15.0,Y,37.8076561,Crocker Hghlands,-122.2264107,3160.0,40752373,,,1450000,Single Family Residential,PAST SALE,September-14-2016,EBRD/CCAR/Bay East,2450.0,CA,Sold,http://www.redfin.com/CA/Oakland/1406-Holman-Rd-94610/home/22729900,2016.0,94610,0.0,1.0,0.0,0.0,0.0,0.0,269,73
591.0,1117 PORTAL Ave,2.5,3.0,Oakland,429.0,N,,Y,37.8150491,Crocker Hghlands,-122.2284344,4536.0,40732051,,,1465000,Single Family Residential,PAST SALE,April-7-2016,EBRD/CCAR/Bay East,2477.0,CA,Sold,http://www.redfin.com/CA/Oakland/1117-Portal-Ave-94610/home/526614,1924.0,94610,0.0,1.0,0.0,0.0,0.0,0.0,429,62
799.0,661 Calmar Ave,1.5,3.0,Oakland,99.0,Y,,Y,37.81163,Crocker Hghlands,-122.2388245,5645.0,40768615,,,1255000,Single Family Residential,PAST SALE,March-3-2017,EBRD/CCAR/Bay East,1571.0,CA,Sold,http://www.redfin.com/CA/Oakland/661-Calmar-Ave-94610/home/2040104,1917.0,94610,0.0,1.0,0.0,0.0,0.0,0.0,99,85
334.0,851 SANTA RAY Ave,3.0,5.0,Oakland,232.0,N,,Y,37.812444,Crocker Hghlands,-122.230769,5200.0,40759922,,,1170000,Single Family Residential,PAST SALE,October-21-2016,EBRD/CCAR/Bay East,3501.0,CA,Sold,http://www.redfin.com/CA/Oakland/851-Santa-Ray-Ave-94610/home/1726500,1922.0,94610,0.0,1.0,0.0,0.0,0.0,0.0,232,68
808.0,553 Kenmore Ave,2.0,3.0,Oakland,15.0,Y,,Y,37.8158995,Lakeshore/Grand,-122.2401,8550.0,40779161,,,1325000,Single Family Residential,PAST SALE,May-26-2017,EBRD/CCAR/Bay East,1640.0,CA,Sold,http://www.redfin.com/CA/Oakland/553-Kenmore-Ave-94610/home/526975,1952.0,94610,0.0,1.0,0.0,0.0,0.0,0.0,15,75
531.0,512 Midcrest Rd,1.5,3.0,Oakland,402.0,N,,Y,37.8113121,Crocker Hghlands,-122.2269097,3608.0,40733750,,,800000,Single Family Residential,PAST SALE,May-4-2016,EBRD/CCAR/Bay East,1506.0,CA,Sold,http://www.redfin.com/CA/Oakland/512-Midcrest-Rd-94610/home/526874,1932.0,94610,0.0,1.0,0.0,0.0,0.0,0.0,402,66
693.0,538 KENMORE Ave,1.0,3.0,Oakland,288.0,N,,Y,37.8162845,Grand Lake,-122.2394004,2856.0,40749257,,,812000,Single Family Residential,PAST SALE,August-26-2016,EBRD/CCAR/Bay East,1172.0,CA,Sold,http://www.redfin.com/CA/Oakland/538-Kenmore-Ave-94610/home/549258,1922.0,94610,0.0,1.0,0.0,0.0,0.0,0.0,288,75
670.0,1259 Holman Rd,3.0,4.0,Oakland,212.0,Y,15.0,Y,37.8065133,Crocker Hghlands,-122.2294859,3432.0,40761640,,,1180000,Single Family Residential,PAST SALE,November-10-2016,EBRD/CCAR/Bay East,1760.0,CA,Sold,http://www.redfin.com/CA/Oakland/1259-Holman-Rd-94610/home/1483093,1923.0,94610,0.0,1.0,0.0,0.0,0.0,0.0,212,64
755.0,580 Kenmore Ave,1.0,3.0,Oakland,318.0,Y,,Y,37.8150026,Upper Lakeshore,-122.2395221,6600.0,40740015,,,1150000,Single Family Residential,PAST SALE,July-27-2016,EBRD/CCAR/Bay East,1523.0,CA,Sold,http://www.redfin.com/CA/Oakland/580-Kenmore-Ave-94610/home/570098,1925.0,94610,0.0,1.0,0.0,0.0,0.0,0.0,318,80
356.0,716 CALMAR Ave,4.5,5.0,Oakland,382.0,N,,Y,37.8123997,Crocker Hghlands,-122.2371887,5060.0,40733669,,,1400000,Single Family Residential,PAST SALE,May-24-2016,EBRD/CCAR/Bay East,3932.0,CA,Sold,http://www.redfin.com/CA/Oakland/716-Calmar-Ave-94610/home/527033,1914.0,94610,0.0,1.0,0.0,0.0,0.0,0.0,382,70
552.0,697 SANTA RAY Ave,2.5,5.0,Oakland,428.0,N,,Y,37.8111877,Crocker Hghlands,-122.2370661,6200.0,40727642,,,1420000,Single Family Residential,PAST SALE,April-8-2016,EBRD/CCAR/Bay East,2571.0,CA,Sold,http://www.redfin.com/CA/Oakland/697-Santa-Ray-Ave-94610/home/1754493,1925.0,94610,0.0,1.0,0.0,0.0,0.0,0.0,428,75
533.0,733 CARLSTON Ave,2.5,4.0,Oakland,239.0,N,15.0,Y,37.8114343,Crocker Hghlands,-122.2309907,4130.0,40756151,,,1350000,Single Family Residential,PAST SALE,October-14-2016,EBRD/CCAR/Bay East,2532.0,CA,Sold,http://www.redfin.com/CA/Oakland/733-Carlston-Ave-94610/home/1924582,1926.0,94610-2424,0.0,1.0,0.0,0.0,0.0,0.0,239,68
441.0,815 Portal Ave,2.5,3.0,Oakland,316.0,N,,Y,37.8127722,Crocker Hghlands,-122.2295108,5050.0,40745332,,,975000,Single Family Residential,PAST SALE,July-29-2016,EBRD/CCAR/Bay East,2212.0,CA,Sold,http://www.redfin.com/CA/Oakland/815-Portal-Ave-94610/home/527001,1927.0,94610,0.0,1.0,0.0,0.0,0.0,0.0,316,61
668.0,1516 HOLMAN Rd,1.0,3.0,Oakland,303.0,N,,Y,37.807804,Trestle Glen,-122.225159,4400.0,40748260,,,700000,Single Family Residential,PAST SALE,August-11-2016,EBRD/CCAR/Bay East,1048.0,CA,Sold,http://www.redfin.com/CA/Oakland/1516-Holman-Rd-94610/home/1880713,1948.0,94610,0.0,1.0,0.0,0.0,0.0,0.0,303,74
834.0,4200 LAKESHORE Ave,1.5,2.0,Oakland,400.0,Y,,Y,37.8159224,Crocker Hghlands,-122.2332265,5760.0,40733628,,,1200000,Single Family Residential,PAST SALE,May-6-2016,EBRD/CCAR/Bay East,1438.0,CA,Sold,http://www.redfin.com/CA/Oakland/4200-Lakeshore-Ave-94610/home/1061850,1919.0,94610,0.0,1.0,0.0,0.0,0.0,0.0,400,61
572.0,717 GROSVENOR Pl,2.5,3.0,Oakland,17.0,Y,,Y,37.8055205,Crocker Hghlands,-122.2318652,4700.0,40776975,,,1075000,Single Family Residential,PAST SALE,May-24-2017,EBRD/CCAR/Bay East,1881.0,CA,Sold,http://www.redfin.com/CA/Oakland/717-Grosvenor-Pl-94610/home/1816721,1937.0,94610,0.0,1.0,0.0,0.0,0.0,0.0,17,62
583.0,4253 Lakeshore Ave,3.0,4.0,Oakland,15.0,N,,N,37.8154563,Crocker Hghlands,-122.2322773,3000.0,40779402,,,1300000,Single Family Residential,PAST SALE,May-26-2017,EBRD/CCAR/Bay East,2230.0,CA,Sold,http://www.redfin.com/CA/Oakland/4253-Lakeshore-Ave-94610/home/526887,1922.0,94610,0.0,1.0,0.0,0.0,0.0,0.0,15,69
627.0,681 Santa Ray Ave,3.0,5.0,Oakland,11.0,N,,Y,37.811053,Crocker Hghlands,-122.237708,4320.0,40779304,,,1295000,Single Family Residential,PAST SALE,May-30-2017,EBRD/CCAR/Bay East,2064.0,CA,Sold,http://www.redfin.com/CA/Oakland/681-Santa-Ray-Ave-94610/home/1076734,1924.0,94610,0.0,1.0,0.0,0.0,0.0,0.0,11,80
705.0,1032 Annerley Rd,1.5,3.0,Oakland,39.0,Y,,Y,37.8166,Crocker Hghlands,-122.2355644,4080.0,40775607,,,1450000,Single Family Residential,PAST SALE,May-2-2017,EBRD/CCAR/Bay East,2057.0,CA,Sold,http://www.redfin.com/CA/Piedmont/1032-Annerley-Rd-94610/home/1715176,1921.0,94610,0.0,1.0,0.0,0.0,0.0,0.0,39,74
851.0,641 BOULEVARD Way,2.5,3.0,Oakland,435.0,Y,,Y,37.8163721,Grand Lake,-122.2386157,4914.0,40730115,,,1396000,Single Family Residential,PAST SALE,April-1-2016,EBRD/CCAR/Bay East,1640.0,CA,Sold,http://www.redfin.com/CA/Piedmont/641-Boulevard-Way-94610/home/1832441,1936.0,94610,0.0,1.0,0.0,0.0,0.0,0.0,435,70
567.0,673 ARIMO Ave,3.0,4.0,Oakland,208.0,N,,Y,37.8149269,Crocker,-122.2361447,4850.0,40757378,,,1275000,Single Family Residential,PAST SALE,November-14-2016,EBRD/CCAR/Bay East,2249.0,CA,Sold,http://www.redfin.com/CA/Oakland/673-Arimo-Ave-94610/home/526939,1922.0,94610,0.0,1.0,0.0,0.0,0.0,0.0,208,70
788.0,685 Calmar Ave,1.5,3.0,Oakland,4.0,Y,,Y,37.8121777,Crocker Hghlands,-122.2384547,4302.0,40778961,,,1305000,Single Family Residential,PAST SALE,June-6-2017,EBRD/CCAR/Bay East,1656.0,CA,Sold,http://www.redfin.com/CA/Oakland/685-Calmar-Ave-94610/home/607344,1916.0,94610,0.0,1.0,0.0,0.0,0.0,0.0,4,77
529.0,933 ALMA Pl,1.0,3.0,Oakland,190.0,N,14.0,Y,37.8055746,Trestle Glen,-122.2326146,3860.0,40758131,,,775000,Single Family Residential,PAST SALE,December-2-2016,EBRD/CCAR/Bay East,1464.0,CA,Sold,http://www.redfin.com/CA/Oakland/933-Alma-Pl-94610/home/1670718,1924.0,94610,0.0,1.0,0.0,0.0,0.0,0.0,190,62
609.0,951 SUNNYHILLS Rd,2.5,4.0,Oakland,382.0,N,16.0,Y,37.809044,Crocker Hghlands,-122.2323229,4636.0,40732030,,,1495000,Single Family Residential,PAST SALE,May-24-2016,EBRD/CCAR/Bay East,2456.0,CA,Sold,http://www.redfin.com/CA/Oakland/951-Sunnyhills-Rd-94610/home/2035984,1926.0,94610,0.0,1.0,0.0,0.0,0.0,0.0,382,60
653.0,1400 HOLMAN Rd,3.0,3.0,Oakland,431.0,N,14.0,Y,37.8075725,Crocker Hghlands,-122.2264934,3240.0,40733420,,,1100000,Single Family Residential,PAST SALE,April-5-2016,EBRD/CCAR/Bay East,1684.0,CA,Sold,http://www.redfin.com/CA/Oakland/1400-Holman-Rd-94610/home/690578,1927.0,94610,0.0,1.0,0.0,0.0,0.0,0.0,431,73
647.0,1312 BATES Rd,1.0,3.0,Oakland,397.0,N,15.0,Y,37.8064278,Trestle Glen,-122.2283225,3838.0,40736534,,,900000,Single Family Residential,PAST SALE,May-9-2016,EBRD/CCAR/Bay East,1391.0,CA,Sold,http://www.redfin.com/CA/Oakland/1312-Bates-Rd-94610/home/880388,1925.0,94610,0.0,1.0,0.0,0.0,0.0,0.0,397,64
398.0,641 SANTA RAY Ave,2.0,4.0,Oakland,242.0,Y,,Y,37.8111832,Crocker Hghlands,-122.2397005,5568.0,40754360,,,970000,Single Family Residential,PAST SALE,October-11-2016,EBRD/CCAR/Bay East,2440.0,CA,Sold,http://www.redfin.com/CA/Oakland/641-Santa-Ray-Ave-94610/home/526597,1918.0,94610,0.0,1.0,0.0,0.0,0.0,0.0,242,87
423.0,1254 Bates Rd,2.0,2.0,Oakland,291.0,N,11.0,Y,37.8062053,Upper Lakeshore,-122.2295945,3696.0,40746477,,,755000,Single Family Residential,PAST SALE,August-23-2016,EBRD/CCAR/Bay East,1785.0,CA,Sold,http://www.redfin.com/CA/Oakland/1254-Bates-Rd-94610/home/536400,1923.0,94610-2537,0.0,1.0,0.0,0.0,0.0,0.0,291,64
629.0,679 SANTA RAY Ave,1.0,2.0,Oakland,411.0,N,,Y,37.8110519,Crocker Hghlands,-122.237838,3990.0,40732443,,,700000,Single Family Residential,PAST SALE,April-25-2016,EBRD/CCAR/Bay East,1112.0,CA,Sold,http://www.redfin.com/CA/Oakland/679-Santa-Ray-Ave-94610/home/1495779,1925.0,94610,0.0,1.0,0.0,0.0,0.0,0.0,411,80
563.0,618 Mandana Blvd,2.0,3.0,Oakland,393.0,N,,Y,37.8111052,Oakland,-122.2409239,6533.0,443742,,,1110000,Single Family Residential,PAST SALE,May-13-2016,San Francisco MLS,1973.0,CA,Sold,http://www.redfin.com/CA/Oakland/618-Mandana-Blvd-94610/home/942506,1914.0,94610,0.0,1.0,0.0,0.0,0.0,0.0,393,91
805.0,602 Calmar Ave,3.0,3.0,Oakland,445.0,Y,,Y,37.8107234,Crocker Hghlands,-122.2396355,3380.0,40729480,,,1350000,Single Family Residential,PAST SALE,March-22-2016,EBRD/CCAR/Bay East,1676.0,CA,Sold,http://www.redfin.com/CA/Oakland/602-Calmar-Ave-94610/home/527402,1924.0,94610-1711,0.0,1.0,0.0,0.0,0.0,0.0,445,87
517.0,656 Walavista Ave,1.5,3.0,Oakland,219.0,N,,Y,37.8147224,Crocker Hghlands,-122.236293,3450.0,40760146,,,750000,Single Family Residential,PAST SALE,November-3-2016,EBRD/CCAR/Bay East,1452.0,CA,Sold,http://www.redfin.com/CA/Oakland/656-Walavista-Ave-94610/home/570133,1922.0,94610,0.0,1.0,0.0,0.0,0.0,0.0,219,70
756.0,820 Portal Ave,2.0,3.0,Oakland,108.0,N,,Y,37.8130338,Crocker Hghlands,-122.2292583,6063.0,40765160,,,1494000,Single Family Residential,PAST SALE,February-22-2017,EBRD/CCAR/Bay East,1976.0,CA,Sold,http://www.redfin.com/CA/Oakland/820-Portal-Ave-94610/home/865235,1925.0,94610,0.0,1.0,0.0,0.0,0.0,0.0,108,61
667.0,824 PALOMA Ave,2.0,4.0,Oakland,438.0,Y,,Y,37.8115717,Crocker Hghlands,-122.2350902,4992.0,40731266,,,1301000,Single Family Residential,PAST SALE,March-29-2016,EBRD/CCAR/Bay East,1951.0,CA,Sold,http://www.redfin.com/CA/Oakland/824-Paloma-Ave-94610/home/1773894,1918.0,94610,0.0,1.0,0.0,0.0,0.0,0.0,438,68
621.0,1260 HOLMAN Rd,2.5,3.0,Oakland,213.0,N,15.0,Y,37.8068152,Crocker Hghlands,-122.2295571,4026.0,40758854,,,1100000,Single Family Residential,PAST SALE,November-9-2016,EBRD/CCAR/Bay East,1770.0,CA,Sold,http://www.redfin.com/CA/Oakland/1260-Holman-Rd-94610/home/2017320,1925.0,94610,0.0,1.0,0.0,0.0,0.0,0.0,213,68
584.0,1307 Holman,1.0,3.0,Oakland,176.0,N,,Y,37.8067717,Crocker Hghlands,-122.2284359,3848.0,40755667,,,900000,Single Family Residential,PAST SALE,December-16-2016,EBRD/CCAR/Bay East,1542.0,CA,Sold,http://www.redfin.com/CA/Oakland/1307-Holman-Rd-94610/home/1757320,1928.0,94610,0.0,1.0,0.0,0.0,0.0,0.0,176,68
877.0,637 BOULEVARD Way,3.0,3.0,Oakland,353.0,N,,Y,37.8164706,Upper Lakeshore,-122.2386722,5040.0,40737434,,,1400000,Single Family Residential,PAST SALE,June-22-2016,EBRD/CCAR/Bay East,1596.0,CA,Sold,http://www.redfin.com/CA/Piedmont/637-Boulevard-Way-94610/home/1871241,1936.0,94610,0.0,1.0,0.0,0.0,0.0,0.0,353,70
658.0,740 HADDON Pl,1.0,3.0,Oakland,323.0,N,,Y,37.8096739,Trestle Glen,-122.242432,4440.0,40744154,,,900000,Single Family Residential,PAST SALE,July-22-2016,EBRD/CCAR/Bay East,1367.0,CA,Sold,http://www.redfin.com/CA/Oakland/740-Haddon-Pl-94610/home/536190,1925.0,94610,0.0,1.0,0.0,0.0,0.0,0.0,323,93
634.0,717 Haddon Pl,2.0,3.0,Oakland,304.0,N,,Y,37.8095076,Crocker Hghlands,-122.2431447,5400.0,40744383,,,1300000,Single Family Residential,PAST SALE,August-10-2016,EBRD/CCAR/Bay East,2049.0,CA,Sold,http://www.redfin.com/CA/Oakland/717-Haddon-Pl-94610/home/1322720,1913.0,94610,0.0,1.0,0.0,0.0,0.0,0.0,304,93
470.0,388 palm Ave,2.0,4.0,Oakland,17.0,N,,Y,37.8126088,Alameda County,-122.2528767,4320.0,21708356,,,840000,Single Family Residential,PAST SALE,May-24-2017,BAREIS,1789.0,CA,Sold,http://www.redfin.com/CA/Oakland/388-Palm-Ave-94610/home/785118,1927.0,94610,0.0,0.0,0.0,0.0,0.0,1.0,17,86
529.0,360 Van Buren Ave,1.5,3.0,Oakland,32.0,N,,Y,37.8108059,Lake Merritt,-122.2549706,7052.0,40775454,,,1350000,Single Family Residential,PAST SALE,May-9-2017,EBRD/CCAR/Bay East,2554.0,CA,Sold,http://www.redfin.com/CA/Oakland/360-Van-Buren-Ave-94610/home/1455285,1918.0,94610,0.0,0.0,0.0,0.0,0.0,1.0,32,88
563.0,286 SANTA CLARA Ave,1.5,3.0,Oakland,310.0,Y,,Y,37.8166405,Grand Lake,-122.2493476,5192.0,40740408,,,1000000,Single Family Residential,PAST SALE,August-4-2016,EBRD/CCAR/Bay East,1776.0,CA,Sold,http://www.redfin.com/CA/Oakland/286-Santa-Clara-Ave-94610/home/105525170,1918.0,94610,0.0,0.0,0.0,0.0,0.0,1.0,310,88
748.0,3240 KEMPTON Ave,1.0,2.0,Oakland,222.0,N,,Y,37.819054,Echo/Glen Park,-122.257821,3588.0,40760039,,,903240,Single Family Residential,PAST SALE,October-31-2016,EBRD/CCAR/Bay East,1207.0,CA,Sold,http://www.redfin.com/CA/Oakland/3240-Kempton-Ave-94611/home/1797490,1945.0,94611,0.0,0.0,0.0,0.0,0.0,1.0,222,82
520.0,3025 Harrison Sreet,1.0,3.0,Oakland,162.0,N,,Y,37.8173075,Oakland,-122.2577137,2632.0,40763356,,,675000,Single Family Residential,PAST SALE,December-30-2016,EBRD/CCAR/Bay East,1298.0,CA,Sold,http://www.redfin.com/CA/Oakland/3025-Harrison-St-94611/home/770954,1912.0,94611-5523,0.0,0.0,0.0,0.0,0.0,1.0,162,79
912.0,4501 MORAGA Ave,1.0,2.0,Oakland,443.0,N,,Y,37.8302166,Piedmont Avenue,-122.2434852,1407.0,40728790,,,819000,Single Family Residential,PAST SALE,March-24-2016,EBRD/CCAR/Bay East,898.0,CA,Sold,http://www.redfin.com/CA/Piedmont/4501-Moraga-Ave-94611/home/1411258,1928.0,94611,0.0,0.0,0.0,0.0,0.0,1.0,443,82
970.0,85 RONADA Ave,1.0,2.0,Piedmont,404.0,N,,Y,37.8296993,Piedmont,-122.2434784,3120.0,40736424,,,1210000,Single Family Residential,PAST SALE,May-2-2016,EBRD/CCAR/Bay East,1248.0,CA,Sold,http://www.redfin.com/CA/Piedmont/85-Ronada-Ave-94611/home/1387687,1921.0,94611,0.0,0.0,0.0,0.0,0.0,1.0,404,82
666.0,4207 Terrace St,1.5,3.0,Oakland,79.0,N,,Y,37.8300204,Piedmont Avenue,-122.2542286,3880.0,40769376,,,1133000,Single Family Residential,PAST SALE,March-23-2017,EBRD/CCAR/Bay East,1702.0,CA,Sold,http://www.redfin.com/CA/Oakland/4207-Terrace-St-94611/home/2029488,1919.0,94611,0.0,0.0,0.0,0.0,0.0,1.0,79,97
716.0,160 Frisbie St,1.0,3.0,Oakland,60.0,Y,,Y,37.8183975,Oak Park,-122.2585217,3420.0,40772566,,,1025000,Single Family Residential,PAST SALE,April-11-2017,EBRD/CCAR/Bay East,1431.0,CA,Sold,http://www.redfin.com/CA/Oakland/160-Frisbie-St-94611/home/1880096,1927.0,94611,0.0,0.0,0.0,0.0,0.0,1.0,60,83
617.0,346 Santa Clara Ave,2.0,3.0,Oakland,15.0,Y,,Y,37.814824,Lakeshore/Grand,-122.2486432,3930.0,40779877,,,1310000,Single Family Residential,PAST SALE,May-26-2017,EBRD/CCAR/Bay East,2124.0,CA,Sold,http://www.redfin.com/CA/Oakland/346-Santa-Clara-Ave-94610/home/526189,1924.0,94610,0.0,0.0,0.0,0.0,0.0,1.0,15,90
983.0,81 Montell St,2.0,3.0,Oakland,43.0,Y,,Y,37.823424,Piedmont Avenue,-122.253003,3150.0,40776359,,,1350000,Single Family Residential,PAST SALE,April-28-2017,EBRD/CCAR/Bay East,1373.0,CA,Sold,http://www.redfin.com/CA/Oakland/81-Montell-St-94611/home/1242450,1912.0,94611,0.0,0.0,0.0,0.0,0.0,1.0,43,96
764.0,122 Monte Vista Ave,2.5,4.0,Oakland,1.0,Y,,Y,37.8243921,Piedmont Avenue,-122.2519415,4329.0,40779777,,,1350000,Single Family Residential,PAST SALE,June-9-2017,EBRD/CCAR/Bay East,1768.0,CA,Sold,http://www.redfin.com/CA/Oakland/122-Monte-Vista-Ave-94611/home/527647,1912.0,94611,0.0,0.0,0.0,0.0,0.0,1.0,1,96
404.0,519 Fairmount Ave,1.5,4.0,Oakland,22.0,N,,Y,37.821365,Oakland,-122.255177,4200.0,40769977,,,900000,Single Family Residential,PAST SALE,May-19-2017,EBRD/CCAR/Bay East,2230.0,CA,Sold,http://www.redfin.com/CA/Oakland/519-Fairmount-Ave-94611/home/1980972,1912.0,94611,0.0,0.0,0.0,0.0,0.0,1.0,22,84
690.0,90 Montell St,1.0,3.0,Oakland,38.0,Y,,Y,37.8236043,Piedmont Avenue,-122.2526094,2700.0,40775390,,,1125000,Single Family Residential,PAST SALE,May-3-2017,EBRD/CCAR/Bay East,1631.0,CA,Sold,http://www.redfin.com/CA/Oakland/90-Montell-St-94611/home/527650,1912.0,94611,0.0,0.0,0.0,0.0,0.0,1.0,38,96
786.0,4467 Howe,3.5,3.0,Oakland,162.0,N,,Y,37.8318682,Piedmont Avenue,-122.2468624,5157.0,40763115,,,1475000,Single Family Residential,PAST SALE,December-30-2016,EBRD/CCAR/Bay East,1876.0,CA,Sold,http://www.redfin.com/CA/Oakland/4467-Howe-St-94611/home/109498520,2016.0,94611,0.0,0.0,0.0,0.0,0.0,1.0,162,92
288.0,435 Vernon St,3.5,4.0,Oakland,152.0,N,,Y,37.8171778,Adams Point,-122.2533369,6545.0,40761029,,,1170000,Single Family Residential,PAST SALE,January-9-2017,EBRD/CCAR/Bay East,4060.0,CA,Sold,http://www.redfin.com/CA/Oakland/435-Vernon-St-94610/home/1956530,1914.0,94610,0.0,0.0,0.0,0.0,0.0,1.0,152,70
515.0,309 WARWICK Ave,2.0,3.0,Oakland,365.0,N,,Y,37.813016,Oakland,-122.25509,4879.0,40740714,,,1315000,Single Family Residential,PAST SALE,June-10-2016,EBRD/CCAR/Bay East,2553.0,CA,Sold,http://www.redfin.com/CA/Oakland/309-Warwick-Ave-94610/home/1755977,1908.0,94610,0.0,0.0,0.0,0.0,0.0,1.0,365,81
564.0,552 MIRA VISTA Ave,1.0,2.0,Oakland,298.0,N,,Y,37.816294,Grand Lake/ Rose,-122.247458,5400.0,40746580,,,1075000,Single Family Residential,PAST SALE,August-16-2016,EBRD/CCAR/Bay East,1907.0,CA,Sold,http://www.redfin.com/CA/Oakland/552-Mira-Vista-Ave-94610/home/526334,1938.0,94610,0.0,0.0,0.0,0.0,0.0,1.0,298,93
739.0,4262 GILBERT St,1.5,3.0,Oakland,296.0,N,,Y,37.8303485,Piedmont Avenue,-122.2520095,4680.0,40743207,,,1375000,Single Family Residential,PAST SALE,August-18-2016,EBRD/CCAR/Bay East,1860.0,CA,Sold,http://www.redfin.com/CA/Oakland/4262-Gilbert-St-94611/home/1340309,1931.0,94611,0.0,0.0,0.0,0.0,0.0,1.0,296,96
432.0,571 EL DORADO Ave,1.5,3.0,Oakland,305.0,N,,Y,37.821992,Lindavista Ter.,-122.253076,6048.0,40746531,,,900000,Single Family Residential,PAST SALE,August-9-2016,EBRD/CCAR/Bay East,2085.0,CA,Sold,http://www.redfin.com/CA/Oakland/571-El-Dorado-Ave-94611/home/1924622,1909.0,94611,0.0,0.0,0.0,0.0,0.0,1.0,305,93
504.0,37 RIO VISTA Ave,3.0,4.0,Oakland,206.0,N,,Y,37.8236753,Piedmont Avenue,-122.2543718,4000.0,40747773,,,982670,Single Family Residential,PAST SALE,November-16-2016,EBRD/CCAR/Bay East,1949.0,CA,Sold,http://www.redfin.com/CA/Oakland/37-Rio-Vista-Ave-94611/home/1285367,1914.0,94611,0.0,0.0,0.0,0.0,0.0,1.0,206,97
553.0,370 Euclid,2.0,4.0,Oakland,214.0,N,,Y,37.8122061,Grand Lake,-122.2517247,7000.0,40759080,,,1258000,Single Family Residential,PAST SALE,November-8-2016,EBRD/CCAR/Bay East,2273.0,CA,Sold,http://www.redfin.com/CA/Oakland/370-Euclid-Ave-94610/home/908216,1915.0,94610,0.0,0.0,0.0,0.0,0.0,1.0,214,89
616.0,4481 MORAGA Ave,2.0,3.0,Oakland,418.0,Y,,Y,37.830165,Piedmont Avenue,-122.244008,4995.0,40730367,,,1150000,Single Family Residential,PAST SALE,April-18-2016,EBRD/CCAR/Bay East,1868.0,CA,Sold,http://www.redfin.com/CA/Piedmont/4481-Moraga-Ave-94611/home/529222,1926.0,94611,0.0,0.0,0.0,0.0,0.0,1.0,418,82
887.0,4335 HOWE St,1.0,2.0,Oakland,200.0,N,,Y,37.8302621,Oakland,-122.249353,3750.0,40758194,,,975000,Single Family Residential,PAST SALE,November-22-2016,EBRD/CCAR/Bay East,1099.0,CA,Sold,http://www.redfin.com/CA/Oakland/4335-Howe-St-94611/home/2017113,1913.0,94611,0.0,0.0,0.0,0.0,0.0,1.0,200,97
445.0,260 EUCLID Ave,3.0,5.0,Oakland,43.0,Y,,Y,37.8154512,Adams Point,-122.2531004,7865.0,40774368,,,1425000,Single Family Residential,PAST SALE,April-28-2017,EBRD/CCAR/Bay East,3200.0,CA,Sold,http://www.redfin.com/CA/Oakland/260-Euclid-Ave-94610/home/879162,1928.0,94610,0.0,0.0,0.0,0.0,0.0,1.0,43,72
600.0,825 41st St,2.0,3.0,Oakland,228.0,N,,Y,37.831016,Oakland,-122.2715989,,40756207.0,,,685000,Single Family Residential,PAST SALE,October-25-2016,EBRD/CCAR/Bay East,1141.0,CA,Sold,http://www.redfin.com/CA/Oakland/825-41st-St-94608/home/528232,1924.0,94608,0.0,0.0,1.0,0.0,0.0,0.0,228,85
945.0,4184 MANILA Ave,2.0,2.0,Oakland,212.0,N,,Y,37.8307919,Temescal,-122.2568314,3500.0,40759873.0,,,1080000,Single Family Residential,PAST SALE,November-10-2016,EBRD/CCAR/Bay East,1143.0,CA,Sold,http://www.redfin.com/CA/Oakland/4184-Manila-Ave-94609/home/527982,1912.0,94609,0.0,0.0,1.0,0.0,0.0,0.0,212,92
681.0,4409 West St,1.0,2.0,Oakland,180.0,N,,Y,37.8336514,Oakland,-122.2704054,3200.0,40762446.0,,,695500,Single Family Residential,PAST SALE,December-12-2016,EBRD/CCAR/Bay East,1022.0,CA,Sold,http://www.redfin.com/CA/Oakland/4409-West-St-94608/home/1464650,1910.0,94608,0.0,0.0,1.0,0.0,0.0,0.0,180,85
961.0,4121 Webster St,1.0,2.0,Oakland,94.0,N,,Y,37.8299732,Temescal,-122.2606799,2000.0,40769551.0,,,730000,Single Family Residential,PAST SALE,March-8-2017,EBRD/CCAR/Bay East,760.0,CA,Sold,http://www.redfin.com/CA/Oakland/4121-Webster-St-94609/home/879481,1915.0,94609,0.0,0.0,1.0,0.0,0.0,0.0,94,94
740.0,756 41ST St,1.0,3.0,Oakland,309.0,N,,Y,37.831051,Lower Temescal,-122.2698166,4140.0,40742847.0,,,873000,Single Family Residential,PAST SALE,August-5-2016,EBRD/CCAR/Bay East,1180.0,CA,Sold,http://www.redfin.com/CA/Oakland/756-41st-St-94609/home/1653897,1912.0,94609,0.0,0.0,1.0,0.0,0.0,0.0,309,88
349.0,835 W MACARTHUR Blvd,2.5,4.0,Oakland,276.0,N,,Y,37.8275422,Nobe,-122.2728845,4998.0,40742983.0,,,750000,Single Family Residential,PAST SALE,September-7-2016,EBRD/CCAR/Bay East,2148.0,CA,Sold,http://www.redfin.com/CA/Oakland/835-W-MacArthur-Blvd-94608/home/1994608,1908.0,94608,0.0,0.0,1.0,0.0,0.0,0.0,276,84
613.0,891 45TH St,1.0,2.0,Oakland,351.0,N,,Y,37.8342256,Emeryville Bordr,-122.2726745,3420.0,40742657.0,,,710000,Single Family Residential,PAST SALE,June-24-2016,EBRD/CCAR/Bay East,1159.0,CA,Sold,http://www.redfin.com/CA/Oakland/891-45th-St-94608/home/1627689,1915.0,94608,0.0,0.0,1.0,0.0,0.0,0.0,351,85
731.0,747 44TH St,1.0,2.0,Oakland,341.0,N,,Y,37.8330325,N Oakland,-122.2697144,4000.0,40745150.0,,,792000,Single Family Residential,PAST SALE,July-4-2016,EBRD/CCAR/Bay East,1083.0,CA,Sold,http://www.redfin.com/CA/Oakland/747-44th-St-94609/home/528269,1910.0,94609,0.0,0.0,1.0,0.0,0.0,0.0,341,89
774.0,5274 Lawton Ave,2.0,3.0,Oakland,190.0,N,,Y,37.8385688,Rockridge,-122.2544335,3888.0,40762060.0,,,1300000,Single Family Residential,PAST SALE,December-2-2016,EBRD/CCAR/Bay East,1680.0,CA,Sold,http://www.redfin.com/CA/Oakland/5274-Lawton-Ave-94618/home/529304,1930.0,94618,0.0,0.0,1.0,0.0,0.0,0.0,190,90
917.0,4111 EMERALD St,2.0,3.0,Oakland,281.0,N,,Y,37.8293426,Temescal/R.Ridge,-122.2568104,3500.0,40752068.0,,,1250000,Single Family Residential,PAST SALE,September-2-2016,EBRD/CCAR/Bay East,1363.0,CA,Sold,http://www.redfin.com/CA/Oakland/4111-Emerald-St-94609/home/527971,1908.0,94609,0.0,0.0,1.0,0.0,0.0,0.0,281,95
619.0,3814 CLARKE St,3.0,3.0,Oakland,400.0,N,,Y,37.827322,Mosswood,-122.263361,3686.0,40735534.0,,,1425000,Single Family Residential,PAST SALE,May-6-2016,EBRD/CCAR/Bay East,2302.0,CA,Sold,http://www.redfin.com/CA/Oakland/3814-Clarke-St-94609/home/1816199,1896.0,94609,0.0,0.0,1.0,0.0,0.0,0.0,400,92
777.0,387 50th St,1.0,2.0,Oakland,295.0,N,,Y,37.8357032,Oakland,-122.2579781,3036.0,447637.0,,,965000,Single Family Residential,PAST SALE,August-19-2016,San Francisco MLS,1242.0,CA,Sold,http://www.redfin.com/CA/Oakland/387-50th-St-94609/home/529109,1915.0,94609,0.0,0.0,1.0,0.0,0.0,0.0,295,88
495.0,680 42ND St,3.0,5.0,Oakland,292.0,N,,Y,37.8319231,Nobe,-122.2694731,3900.0,40748186.0,,,1200000,Single Family Residential,PAST SALE,August-22-2016,EBRD/CCAR/Bay East,2423.0,CA,Sold,http://www.redfin.com/CA/Oakland/680-42nd-St-94609/home/1431824,1925.0,94609,0.0,0.0,1.0,0.0,0.0,0.0,292,88
566.0,978 44TH St,2.0,3.0,Oakland,225.0,N,,Y,37.8342763,N Oakland,-122.2751026,2500.0,40758101.0,,,635000,Single Family Residential,PAST SALE,October-28-2016,EBRD/CCAR/Bay East,1122.0,CA,Sold,http://www.redfin.com/CA/Oakland/978-44th-St-94608/home/1715247,1906.0,94608,0.0,0.0,1.0,0.0,0.0,0.0,225,85
484.0,930 46TH St,2.0,2.0,Oakland,332.0,N,,Y,37.8355234,Nobe,-122.2739318,5569.0,40742591.0,,,780000,Single Family Residential,PAST SALE,July-13-2016,EBRD/CCAR/Bay East,1612.0,CA,Sold,http://www.redfin.com/CA/Oakland/930-46th-St-94608/home/1542763,1922.0,94608,0.0,0.0,1.0,0.0,0.0,0.0,332,80
566.0,986 43rd St,2.5,3.0,Oakland,387.0,N,,Y,37.8333859,Nobe,-122.275337,2500.0,40735265.0,,,1075000,Single Family Residential,PAST SALE,May-19-2016,EBRD/CCAR/Bay East,1900.0,CA,Sold,http://www.redfin.com/CA/Oakland/986-43rd-St-94608/home/104402025,2016.0,94608,0.0,0.0,1.0,0.0,0.0,0.0,387,85
284.0,674 43RD St,2.5,3.0,Oakland,220.0,N,,Y,37.8324616,North Oakland,-122.2683847,5000.0,40752111.0,,,700000,Single Family Residential,PAST SALE,November-2-2016,EBRD/CCAR/Bay East,2468.0,CA,Sold,http://www.redfin.com/CA/Oakland/674-43rd-St-94609/home/528266,1910.0,94609,0.0,0.0,1.0,0.0,0.0,0.0,220,90
719.0,3879 SHAFTER Ave,1.5,3.0,Oakland,232.0,Y,,Y,37.827516,Lower Temescal,-122.2602732,4375.0,40756129.0,,,995000,Single Family Residential,PAST SALE,October-21-2016,EBRD/CCAR/Bay East,1383.0,CA,Sold,http://www.redfin.com/CA/Oakland/3879-Shafter-Ave-94609/home/1969919,1906.0,94609,0.0,0.0,1.0,0.0,0.0,0.0,232,92
643.0,3775 Manila Ave,2.5,3.0,Oakland,396.0,N,,Y,37.8256202,Temescal,-122.2595755,4170.0,40734398.0,,,1150000,Single Family Residential,PAST SALE,May-10-2016,EBRD/CCAR/Bay East,1788.0,CA,Sold,http://www.redfin.com/CA/Oakland/3775-Manila-Ave-94609/home/727607,1905.0,94609-2713,0.0,0.0,1.0,0.0,0.0,0.0,396,94
847.0,4127 Shafter Ave,1.0,1.0,Oakland,183.0,N,,Y,37.8297983,Temescal,-122.2596323,2500.0,40764274.0,,,620000,Single Family Residential,PAST SALE,December-9-2016,EBRD/CCAR/Bay East,732.0,CA,Sold,http://www.redfin.com/CA/Oakland/4127-Shafter-Ave-94609/home/1880281,1924.0,94609,0.0,0.0,1.0,0.0,0.0,0.0,183,95
472.0,843 40TH St,2.5,5.0,Oakland,351.0,N,,Y,37.8302086,North Oakland,-122.2725286,4200.0,40736677.0,,,830000,Single Family Residential,PAST SALE,June-24-2016,EBRD/CCAR/Bay East,1759.0,CA,Sold,http://www.redfin.com/CA/Oakland/843-40th-St-94608/home/527574,1932.0,94608,0.0,0.0,1.0,0.0,0.0,0.0,351,84
373.0,724 46th,2.0,5.0,Oakland,320.0,N,,Y,37.8347689,Lower Temescal,-122.2691673,5000.0,40744211.0,,,725000,Single Family Residential,PAST SALE,July-25-2016,EBRD/CCAR/Bay East,1946.0,CA,Sold,http://www.redfin.com/CA/Oakland/724-46th-St-94609/home/529384,1895.0,94609,0.0,0.0,1.0,0.0,0.0,0.0,320,88
651.0,446 43RD St,2.0,3.0,Oakland,242.0,Y,,Y,37.8319554,Temescal,-122.2613451,3400.0,40754656.0,,,970000,Single Family Residential,PAST SALE,October-11-2016,EBRD/CCAR/Bay East,1490.0,CA,Sold,http://www.redfin.com/CA/Oakland/446-43rd-St-94609/home/528310,1908.0,94609,0.0,0.0,1.0,0.0,0.0,0.0,242,92
478.0,711 37TH St,2.0,4.0,Oakland,449.0,N,,Y,37.826341116,Lower Temescal,-122.2709133,4450.0,40729953.0,,,760000,Single Family Residential,PAST SALE,March-18-2016,EBRD/CCAR/Bay East,1589.0,CA,Sold,http://www.redfin.com/CA/Oakland/711-37th-St-94609/home/1665369,1904.0,94609,0.0,0.0,1.0,0.0,0.0,0.0,449,85
548.0,667 44TH St,1.5,2.0,Oakland,368.0,N,,Y,37.83281,N Oakland,-122.2682469,5000.0,40741223.0,,,770000,Single Family Residential,PAST SALE,June-7-2016,EBRD/CCAR/Bay East,1405.0,CA,Sold,http://www.redfin.com/CA/Oakland/667-44th-St-94609/home/528703,1926.0,94609,0.0,0.0,1.0,0.0,0.0,0.0,368,90
806.0,4135 Emerald St,1.0,2.0,Oakland,313.0,N,,Y,37.8298225,Temescal,-122.2566541,3500.0,40746154.0,,,950000,Single Family Residential,PAST SALE,August-1-2016,EBRD/CCAR/Bay East,1179.0,CA,Sold,http://www.redfin.com/CA/Oakland/4135-Emerald-St-94609/home/1355509,1916.0,94609-2602,0.0,0.0,1.0,0.0,0.0,0.0,313,96
608.0,978 W MacArthur,1.0,3.0,Oakland,449.0,N,,Y,37.8286283,Nobe,-122.2767715,3040.0,40728158.0,,,700000,Single Family Residential,PAST SALE,March-18-2016,EBRD/CCAR/Bay East,1151.0,CA,Sold,http://www.redfin.com/CA/Oakland/978-W-MacArthur-Blvd-94608/home/962555,1923.0,94608-3950,0.0,0.0,1.0,0.0,0.0,0.0,449,86
698.0,811 46TH St,2.0,2.0,Oakland,327.0,N,,Y,37.83458,Nobe,-122.270568,2549.0,40743907.0,,,660000,Single Family Residential,PAST SALE,July-18-2016,EBRD/CCAR/Bay East,945.0,CA,Sold,http://www.redfin.com/CA/Oakland/811-46th-St-94608/home/22961839,1924.0,94608,0.0,0.0,1.0,0.0,0.0,0.0,327,88
753.0,517 53Rd St,1.0,2.0,Oakland,137.0,N,,Y,37.838418,Temescal,-122.262834,5096.0,40768259.0,,,925000,Single Family Residential,PAST SALE,January-24-2017,EBRD/CCAR/Bay East,1228.0,CA,Sold,http://www.redfin.com/CA/Oakland/517-53rd-St-94609/home/2000078,1922.0,94609,0.0,0.0,1.0,0.0,0.0,0.0,137,88
768.0,4131 Opal St,2.0,2.0,Oakland,253.0,N,,Y,37.8299029,Oakland,-122.2586155,3955.0,449047.0,,,1000000,Single Family Residential,PAST SALE,September-30-2016,San Francisco MLS,1302.0,CA,Sold,http://www.redfin.com/CA/Oakland/4131-Opal-St-94609/home/1665424,1917.0,94609,0.0,0.0,1.0,0.0,0.0,0.0,253,95
839.0,350 49TH St,2.0,2.0,Oakland,438.0,N,,Y,37.8347334,Temescal/R.Ridge,-122.255612,1848.0,40729563.0,,,738000,Single Family Residential,PAST SALE,March-29-2016,EBRD/CCAR/Bay East,880.0,CA,Sold,http://www.redfin.com/CA/Oakland/350-49th-St-94609/home/528600,1922.0,94609,0.0,0.0,1.0,0.0,0.0,0.0,438,85
808.0,4950 Manila Ave,2.0,2.0,Oakland,200.0,N,,Y,37.8348364,Temescal/R.Ridge,-122.255199,3190.0,40755699.0,,,875000,Single Family Residential,PAST SALE,November-22-2016,EBRD/CCAR/Bay East,1083.0,CA,Sold,http://www.redfin.com/CA/Oakland/4950-Manila-Ave-94609/home/529032,1910.0,94609-2215,0.0,0.0,1.0,0.0,0.0,0.0,200,89
661.0,412 48th St,2.0,2.0,Oakland,82.0,N,133.0,Y,37.8343198,Temescal,-122.2592431,2000.0,40770008.0,,,885000,Single Family Residential,PAST SALE,March-20-2017,EBRD/CCAR/Bay East,1338.0,CA,Sold,http://www.redfin.com/CA/Oakland/412-48th-St-94609/home/109239547,1913.0,94609,0.0,0.0,1.0,0.0,0.0,0.0,82,91
744.0,357 50Th St,1.0,3.0,Oakland,53.0,N,,Y,37.8353021,Temescal,-122.2561001,3600.0,40774179.0,,,940000,Single Family Residential,PAST SALE,April-18-2017,EBRD/CCAR/Bay East,1263.0,CA,Sold,http://www.redfin.com/CA/Oakland/357-50th-St-94609/home/1726775,1923.0,94609,0.0,0.0,1.0,0.0,0.0,0.0,53,88
484.0,869 43rd St,2.0,4.0,Oakland,75.0,N,,Y,37.832681,Nobe,-122.272368,3000.0,40768321.0,,,660000,Single Family Residential,PAST SALE,March-27-2017,EBRD/CCAR/Bay East,1364.0,CA,Sold,http://www.redfin.com/CA/Oakland/869-43rd-St-94608/home/1816219,1910.0,94608,0.0,0.0,1.0,0.0,0.0,0.0,75,86
596.0,4167 Opal St,1.5,3.0,Oakland,19.0,N,,Y,37.8302106,Lower Temescal,-122.2584829,4520.0,40775932.0,,,1175000,Single Family Residential,PAST SALE,May-22-2017,EBRD/CCAR/Bay East,1970.0,CA,Sold,http://www.redfin.com/CA/Oakland/4167-Opal-St-94609/home/1956807,1912.0,94609,0.0,0.0,1.0,0.0,0.0,0.0,19,95
831.0,519 43Rd St,2.0,3.0,Oakland,29.0,Y,,Y,37.8314889,Temescal,-122.2645815,2697.0,40776347.0,,,920000,Single Family Residential,PAST SALE,May-12-2017,EBRD/CCAR/Bay East,1107.0,CA,Sold,http://www.redfin.com/CA/Oakland/519-43rd-St-94609/home/659165,1910.0,94609,0.0,0.0,1.0,0.0,0.0,0.0,29,91
700.0,3780 Webster St,1.0,3.0,Oakland,16.0,N,,Y,37.8261587,Mosswood,-122.2611946,3780.0,40776116.0,,,825000,Single Family Residential,PAST SALE,May-25-2017,EBRD/CCAR/Bay East,1179.0,CA,Sold,http://www.redfin.com/CA/Oakland/3780-Webster-St-94609/home/528171,1908.0,94609,0.0,0.0,1.0,0.0,0.0,0.0,16,93
895.0,387 45Th St,1.0,2.0,Oakland,15.0,N,,Y,37.833189,Temescal,-122.258427,2900.0,40777492.0,,,1025000,Single Family Residential,PAST SALE,May-26-2017,EBRD/CCAR/Bay East,1145.0,CA,Sold,http://www.redfin.com/CA/Oakland/387-45th-St-94609/home/528535,1922.0,94609,0.0,0.0,1.0,0.0,0.0,0.0,15,91
361.0,850 W MacArthur,2.0,4.0,Oakland,10.0,N,,Y,37.8280965,Oakland,-122.2730425,5560.0,40778670.0,,,727000,Single Family Residential,PAST SALE,May-31-2017,EBRD/CCAR/Bay East,2016.0,CA,Sold,http://www.redfin.com/CA/Oakland/850-W-MacArthur-Blvd-94608/home/999673,1912.0,94708,0.0,0.0,1.0,0.0,0.0,0.0,10,82
925.0,3767 Ruby St,1.0,2.0,Oakland,3.0,N,,Y,37.8262019,Temescal,-122.2625617,2500.0,40780724.0,,,740000,Single Family Residential,PAST SALE,June-7-2017,EBRD/CCAR/Bay East,800.0,CA,Sold,http://www.redfin.com/CA/Oakland/3767-Ruby-St-94609/home/1267194,1912.0,94609,0.0,0.0,1.0,0.0,0.0,0.0,3,92
470.0,978 Apgar St,1.0,3.0,Oakland,22.0,N,,Y,37.8292398,Emeryville Bordr,-122.2768953,6336.0,40777117.0,,,685000,Single Family Residential,PAST SALE,May-19-2017,EBRD/CCAR/Bay East,1456.0,CA,Sold,http://www.redfin.com/CA/Oakland/978-Apgar-St-94608/home/1711271,1922.0,94608,0.0,0.0,1.0,0.0,0.0,0.0,22,86
822.0,382 50TH St,2.5,3.0,Oakland,446.0,Y,,Y,37.8359505,Temescal,-122.2573509,3150.0,40729213.0,,,1450000,Single Family Residential,PAST SALE,March-21-2016,EBRD/CCAR/Bay East,1763.0,CA,Sold,http://www.redfin.com/CA/Oakland/382-50th-St-94609/home/1585833,1913.0,94609,0.0,0.0,1.0,0.0,0.0,0.0,446,88
817.0,916 46TH St,1.0,2.0,Oakland,388.0,N,,Y,37.8354763,Nobe,-122.2736004,2625.0,40736126.0,,,777000,Single Family Residential,PAST SALE,May-18-2016,EBRD/CCAR/Bay East,951.0,CA,Sold,http://www.redfin.com/CA/Oakland/916-46th-St-94608/home/1701446,1914.0,94608,0.0,0.0,1.0,0.0,0.0,0.0,388,80
580.0,4145 EMERALD St,1.5,2.0,Oakland,390.0,N,,Y,37.8299934,Temescal,-122.2565482,1716.0,40735129.0,,,1000000,Single Family Residential,PAST SALE,May-16-2016,EBRD/CCAR/Bay East,1724.0,CA,Sold,http://www.redfin.com/CA/Oakland/4145-Emerald-St-94609/home/527969,1916.0,94609,0.0,0.0,1.0,0.0,0.0,0.0,390,96
823.0,3761 Latimer Pl,1.0,2.0,Oakland,99.0,N,,Y,37.8261917,Temescal,-122.2635334,2100.0,40767737.0,,,770000,Single Family Residential,PAST SALE,March-3-2017,EBRD/CCAR/Bay East,936.0,CA,Sold,http://www.redfin.com/CA/Oakland/3761-Latimer-Pl-94609/home/1841166,1910.0,94609,0.0,0.0,1.0,0.0,0.0,0.0,99,91
540.0,3900 Lusk,2.0,3.0,Oakland,397.0,N,,Y,37.8295166,Nobe,-122.272001,4366.0,40733795.0,,,950000,Single Family Residential,PAST SALE,May-9-2016,EBRD/CCAR/Bay East,1759.0,CA,Sold,http://www.redfin.com/CA/Oakland/3900-Lusk-St-94608/home/527417,1916.0,94608,0.0,0.0,1.0,0.0,0.0,0.0,397,84
435.0,3826 MARKET St,3.0,3.0,Oakland,228.0,N,,Y,37.828667,North Oakland,-122.2741421,3100.0,40754901.0,,,810000,Single Family Residential,PAST SALE,October-25-2016,EBRD/CCAR/Bay East,1864.0,CA,Sold,http://www.redfin.com/CA/Oakland/3826-Market-St-94608/home/527567,1912.0,94608,0.0,0.0,1.0,0.0,0.0,0.0,228,84
336.0,1000 39th St,2.0,4.0,Oakland,225.0,N,,Y,37.830056,Nobe,-122.277027,2840.0,40757669.0,,,650000,Single Family Residential,PAST SALE,October-28-2016,EBRD/CCAR/Bay East,1932.0,CA,Sold,http://www.redfin.com/CA/Oakland/1000-39th-St-94608/home/658985,1904.0,94608,0.0,0.0,1.0,0.0,0.0,0.0,225,89
703.0,4930 WEBSTER St,2.0,4.0,Oakland,416.0,N,,Y,37.8360483,Temescal,-122.2594082,4900.0,40733798.0,,,1355000,Single Family Residential,PAST SALE,April-20-2016,EBRD/CCAR/Bay East,1928.0,CA,Sold,http://www.redfin.com/CA/Oakland/4930-Webster-St-94609/home/529340,1926.0,94609,0.0,0.0,1.0,0.0,0.0,0.0,416,93
778.0,436 50TH St,2.0,4.0,Oakland,291.0,N,,Y,37.8364587,Temescal,-122.260377,3600.0,40750000.0,,,1475000,Single Family Residential,PAST SALE,August-23-2016,EBRD/CCAR/Bay East,1896.0,CA,Sold,http://www.redfin.com/CA/Oakland/436-50th-St-94609/home/1760556,1912.0,94609,0.0,0.0,1.0,0.0,0.0,0.0,291,94
823.0,4154 MANILA Ave,1.0,3.0,Oakland,358.0,Y,,Y,37.8302299,Temescal,-122.2569893,3500.0,40737972.0,,,1100000,Single Family Residential,PAST SALE,June-17-2016,EBRD/CCAR/Bay East,1336.0,CA,Sold,http://www.redfin.com/CA/Oakland/4154-Manila-Ave-94609/home/527978,1908.0,94609,0.0,0.0,1.0,0.0,0.0,0.0,358,95
646.0,4415 WEBSTER St,2.0,3.0,Oakland,390.0,Y,,Y,37.8327948,Temescal,-122.2602396,3600.0,40735411.0,,,1115000,Single Family Residential,PAST SALE,May-16-2016,EBRD/CCAR/Bay East,1725.0,CA,Sold,http://www.redfin.com/CA/Oakland/4415-Webster-St-94609/home/1774355,1918.0,94609,0.0,0.0,1.0,0.0,0.0,0.0,390,92
795.0,416 48th St,2.5,2.0,Oakland,164.0,N,133.0,Y,37.8343151,Temescal,-122.2593079,2200.0,40759816.0,,,960000,Single Family Residential,PAST SALE,December-28-2016,EBRD/CCAR/Bay East,1208.0,CA,Sold,http://www.redfin.com/CA/Oakland/416-48th-St-94609/home/109240660,1913.0,94609,0.0,0.0,1.0,0.0,0.0,0.0,164,91
649.0,820 APGAR St,2.0,2.0,Oakland,302.0,N,,Y,37.8288713,Oakland,-122.2721679,3255.0,40746248.0,,,760000,Single Family Residential,PAST SALE,August-12-2016,EBRD/CCAR/Bay East,1171.0,CA,Sold,http://www.redfin.com/CA/Oakland/820-Apgar-St-94608/home/1903783,1914.0,94608,0.0,0.0,1.0,0.0,0.0,0.0,302,82
680.0,745 45th St,1.0,3.0,Oakland,432.0,N,,Y,37.8337376,Emeryville Bordr,-122.269593,3500.0,40726188.0,,,690000,Single Family Residential,PAST SALE,April-4-2016,EBRD/CCAR/Bay East,1014.0,CA,Sold,http://www.redfin.com/CA/Oakland/745-45th-St-94609/home/833720,1922.0,94609,0.0,0.0,1.0,0.0,0.0,0.0,432,89
772.0,521 44Th St,2.0,3.0,Oakland,135.0,N,,Y,37.832189,Temescal,-122.2644677,4000.0,40765869.0,,,785000,Single Family Residential,PAST SALE,January-26-2017,EBRD/CCAR/Bay East,1017.0,CA,Sold,http://www.redfin.com/CA/Oakland/521-44th-St-94609/home/2013282,1904.0,94609,0.0,0.0,1.0,0.0,0.0,0.0,135,91
767.0,444 49Th St,2.0,3.0,Oakland,190.0,Y,,Y,37.8358417,Temescal,-122.2607619,3500.0,40761639.0,,,1005000,Single Family Residential,PAST SALE,December-2-2016,EBRD/CCAR/Bay East,1310.0,CA,Sold,http://www.redfin.com/CA/Oakland/444-49th-St-94609/home/689607,1913.0,94609,0.0,0.0,1.0,0.0,0.0,0.0,190,94
704.0,414 48th St,2.0,2.0,Oakland,164.0,N,133.0,Y,37.8343174,Temescal,-122.2592755,,40759790.0,,,879000,Single Family Residential,PAST SALE,December-28-2016,EBRD/CCAR/Bay East,1248.0,CA,Sold,http://www.redfin.com/CA/Oakland/414-48th-St-94609/home/109239571,1913.0,94609,0.0,0.0,1.0,0.0,0.0,0.0,164,91
618.0,5001 LAWTON Ave,1.5,3.0,Oakland,311.0,N,,Y,37.8358688,Temescal/R.Ridge,-122.2568648,4550.0,40742783.0,,,875000,Single Family Residential,PAST SALE,August-3-2016,EBRD/CCAR/Bay East,1416.0,CA,Sold,http://www.redfin.com/CA/Oakland/5001-Lawton-Ave-94609/home/1328876,1918.0,94609,0.0,0.0,1.0,0.0,0.0,0.0,311,88
952.0,5119 DESMOND St,1.5,2.0,Oakland,290.0,N,,Y,37.8357418,Rockridge,-122.2533253,4000.0,40747729.0,,,1085000,Single Family Residential,PAST SALE,August-24-2016,EBRD/CCAR/Bay East,1140.0,CA,Sold,http://www.redfin.com/CA/Oakland/5119-Desmond-St-94618/home/1288781,1920.0,94618,0.0,0.0,1.0,0.0,0.0,0.0,290,91
