SALE TYPE,SOLD DATE,PROPERTY TYPE,ADDRESS,CITY,STATE,ZIP,PRICE,BEDS,BATHS,LOCATION,SQUARE FEET,LOT SIZE,YEAR BUILT,DAYS ON MARKET,$/SQUARE FEET,HOA/MONTH,STATUS,NEXT OPEN HOUSE START TIME,NEXT OPEN HOUSE END TIME,URL (SEE http://www.redfin.com/buy-a-home/comparative-market-analysis FOR INFO ON PRICING),SOURCE,MLS#,FAVORITE,INTERESTED,LATITUDE,LONGITUDE
PAST SALE,,Multi-Family (2-4 Unit),9 Linda Ave,Piedmont,CA,94611,550000,2,2.0,,1425,4350,1902,,386,,,,,http://www.redfin.com/CA/Piedmont/9-Linda-Ave-94611/home/1364761,,,N,Y,37.82687,-122.251042
PAST SALE,March-11-2016,Condo/Co-op,4101 Howe St #101,Oakland,CA,94611-5149,610000,2,2.0,Piedmont Avenue,1022,,1966,456,597,288,Sold,,,http://www.redfin.com/CA/Oakland/4101-Howe-St-94611/unit-101/home/549375,EBRD/CCAR/Bay East,40729279,N,Y,37.827435,-122.253259
PAST SALE,October-14-2014,Condo/Co-op,4099 Howe St #103,Oakland,CA,94611-5211,430000,2,1.0,Piedmont Avenue,783,,1973,970,549,240,Sold,,,http://www.redfin.com/CA/Oakland/4099-Howe-St-94611/unit-103/home/527489,EBRD/CCAR/Bay East,40672754,N,Y,37.8270775,-122.2536016
PAST SALE,June-4-2015,Single Family Residential,4195 MONTGOMERY St,Oakland,CA,94611,1375000,4,2.0,Piedmont Avenue,1929,2700,1916,737,713,,Sold,,,http://www.redfin.com/CA/Oakland/4195-Montgomery-St-94611/home/527491,EBRD/CCAR/Bay East,40695670,N,Y,37.8287356,-122.2525765
PAST SALE,June-24-2014,Condo/Co-op,1 Kelton Ct Unit 1J,Oakland,CA,94611,345000,1,1.0,Piedmont Avenue,720,49658,1974,1082,479,388,Sold,,,http://www.redfin.com/CA/Oakland/1-Kelton-Ct-94611/unit-1J/home/1688078,EBRD/CCAR/Bay East,40657684,N,Y,37.8243896,-122.2508859
PAST SALE,February-16-2016,Condo/Co-op,1 KELTON Ct Unit 4K,Oakland,CA,94611,450000,1,1.0,Piedmont Avenue,720,49658,1974,480,625,399,Sold,,,http://www.redfin.com/CA/Oakland/1-Kelton-Ct-94611/unit-4K/home/1871332,EBRD/CCAR/Bay East,40725455,N,Y,37.8243896,-122.2508859
PAST SALE,March-20-2015,Condo/Co-op,4099 Howe #204,Oakland,CA,94611,285000,0,1.0,Oakland,524,,1973,813,544,288,Sold,,,http://www.redfin.com/CA/Oakland/4099-Howe-St-94611/unit-204/home/1903822,EBRD/CCAR/Bay East,40687771,N,Y,37.8270775,-122.2536016
PAST SALE,May-4-2015,Condo/Co-op,1 Kelton Ct Unit 7J,Oakland,CA,94611,400000,1,1.0,Piedmont Avenue,720,49845,1974,768,556,376,Sold,,,http://www.redfin.com/CA/Oakland/1-Kelton-Ct-94611/unit-7J/home/1969946,EBRD/CCAR/Bay East,40691431,N,Y,37.8243896,-122.2508859
PAST SALE,December-13-2016,Condo/Co-op,1 Kelton Ct Unit 1H,Oakland,CA,94611,465000,1,1.0,Kelton Court,720,49845,1974,179,646,406,Sold,,,http://www.redfin.com/CA/Oakland/1-Kelton-Ct-94611/unit-1H/home/528432,EBRD/CCAR/Bay East,40762193,N,Y,37.8243896,-122.2508859
PAST SALE,September-13-2016,Condo/Co-op,4324 B Montgomery St,Oakland,CA,94611,758000,3,2.0,Oakland,1058,,1904,270,716,300,Sold,,,http://www.redfin.com/CA/Oakland/4324-Montgomery-St-94611/home/108306119,San Francisco MLS,448054,N,Y,37.8305542,-122.2499756
PAST SALE,,Multi-Family (2-4 Unit),314 Perkins St,Oakland,CA,94610,10500000,40,39.0,,32778,15100,1972,,320,,,,,http://www.redfin.com/CA/Oakland/314-Perkins-St-94610/home/1397250,,,N,Y,37.8123516,-122.2550769
PAST SALE,June-25-2015,Condo/Co-op,555 JEAN St #420,Oakland,CA,94610,305000,1,1.0,Grand Lake/ Rose,641,,1971,716,476,313,Sold,,,http://www.redfin.com/CA/Oakland/555-Jean-St-94610/unit-420/home/526400,EBRD/CCAR/Bay East,40699141,N,Y,37.817513,-122.248561
PAST SALE,August-21-2015,Condo/Co-op,195 SANTA CLARA Ave #1,Oakland,CA,94610,428000,1,1.0,Grand Lake,904,,1986,659,473,365,Sold,,,http://www.redfin.com/CA/Oakland/195-Santa-Clara-Ave-94610/unit-1/home/1773787,EBRD/CCAR/Bay East,40707988,N,Y,37.8179807,-122.2518513
PAST SALE,August-23-2014,Condo/Co-op,360 VERNON St #305,Oakland,CA,94610-3035,341000,2,1.0,Adams Point,862,8000,1966,1022,396,395,Sold,,,http://www.redfin.com/CA/Oakland/360-Vernon-St-94610/unit-305/home/1998876,EBRD/CCAR/Bay East,40664382,N,Y,37.8157562,-122.254664
PAST SALE,August-12-2016,Condo/Co-op,321 WARWICK Ave #103,Oakland,CA,94610,470000,1,1.0,Adams Point,936,,1966,302,502,409,Sold,,,http://www.redfin.com/CA/Oakland/321-Warwick-Ave-94610/unit-103/home/1237721,EBRD/CCAR/Bay East,40747695,N,Y,37.8132426,-122.2547244
PAST SALE,March-12-2015,Condo/Co-op,492 Staten Ave #301,Oakland,CA,94610,1300000,2,2.0,Oakland,1700,,1929,821,765,1267,Sold,,,http://www.redfin.com/CA/Oakland/492-Staten-Ave-94610/unit-301/home/1998850,San Francisco MLS,430193,N,Y,37.807952,-122.2537328
PAST SALE,,Multi-Family (2-4 Unit),378 Grand Ave,Oakland,CA,94610,3768000,6,20.0,,12520,6250,1924,,301,,,,,http://www.redfin.com/CA/Oakland/378-Grand-Ave-94610/home/2025408,,,N,Y,37.809167,-122.254705
PAST SALE,April-12-2017,Condo/Co-op,427 Lagunitas Ave #401,Oakland,CA,94610,927500,2,2.0,Adams Point,1200,8109,1967,59,773,325,Sold,,,http://www.redfin.com/CA/Oakland/427-Lagunitas-Ave-94610/unit-401/home/1113379,EBRD/CCAR/Bay East,40774495,N,Y,37.809902,-122.250247
PAST SALE,May-12-2017,Condo/Co-op,565 BELLEVUE Ave Unit 704A,Oakland,CA,94610,688000,1,1.0,Park Bellevue,860,18700,1969,29,800,696,Sold,,,http://www.redfin.com/CA/Oakland/565-Bellevue-Ave-94610/unit-704A/home/1455118,EBRD/CCAR/Bay East,40771814,N,Y,37.8078112,-122.2557781
PAST SALE,August-22-2015,Multi-Family (2-4 Unit),361 MacArthur Blvd,Oakland,CA,94610,765000,6,3.5,Adams Point,2909,7650,1915,658,263,,Sold,,,http://www.redfin.com/CA/Oakland/361-MacArthur-Blvd-94610/home/616641,EBRD/CCAR/Bay East,40687441,N,Y,37.8126528,-122.2512996
PAST SALE,May-12-2017,Condo/Co-op,565 Bellevue Ave #2108,Oakland,CA,94610,675000,1,1.0,Lake Merritt,860,18700,1969,29,785,696,Sold,,,http://www.redfin.com/CA/Oakland/565-Bellevue-Ave-94610/unit-2108/home/525675,EBRD/CCAR/Bay East,40778019,N,Y,37.8078112,-122.2557781
PAST SALE,May-24-2017,Single Family Residential,388 palm Ave,Oakland,CA,94610,840000,4,2.0,Alameda County,1789,4320,1927,17,470,,Sold,,,http://www.redfin.com/CA/Oakland/388-Palm-Ave-94610/home/785118,BAREIS,21708356,N,Y,37.8126088,-122.2528767
PAST SALE,May-26-2017,Condo/Co-op,466 CRESCENT St #205,Oakland,CA,94610,365000,1,1.0,Grand Lake,557,,1971,15,655,351,Sold,,,http://www.redfin.com/CA/Oakland/466-Crescent-St-94610/unit-205/home/39895121,EBRD/CCAR/Bay East,40778245,N,Y,37.8133361,-122.2497898
PAST SALE,May-9-2017,Single Family Residential,360 Van Buren Ave,Oakland,CA,94610,1350000,3,1.5,Lake Merritt,2554,7052,1918,32,529,,Sold,,,http://www.redfin.com/CA/Oakland/360-Van-Buren-Ave-94610/home/1455285,EBRD/CCAR/Bay East,40775454,N,Y,37.8108059,-122.2549706
PAST SALE,March-25-2015,Condo/Co-op,3239 Kempton Ave #6,Oakland,CA,94611,625000,1,1.0,Lower Pied Ave,1320,40145,1927,808,473,493,Sold,,,http://www.redfin.com/CA/Oakland/3239-Kempton-Ave-94611/unit-6/home/1981005,EBRD/CCAR/Bay East,40687154,N,Y,37.8190403,-122.2586074
PAST SALE,,Single Family Residential,3400 Richmond Blvd,Oakland,CA,94611,900000,3,2.0,,1946,8350,1922,,462,,,,,http://www.redfin.com/CA/Oakland/3400-Richmond-Blvd-94611/home/1890745,,,N,Y,37.8202587,-122.2579682
PAST SALE,July-31-2014,Condo/Co-op,565 Bellevue Ave #2306,Oakland,CA,94610,680000,2,2.0,Lake Merritt,1243,18000,1969,1045,547,734,Sold,,,http://www.redfin.com/CA/Oakland/565-Bellevue-Ave-94610/unit-2306/home/1455224,EBRD/CCAR/Bay East,40662661,N,Y,37.8078112,-122.2557781
PAST SALE,December-19-2015,Condo/Co-op,565 Bellevue Ave #905,Oakland,CA,94610,600000,1,2.0,Lake Merritt,860,18700,1969,539,698,671,Sold,,,http://www.redfin.com/CA/Oakland/565-Bellevue-Ave-94610/unit-905/home/39537233,EBRD/CCAR/Bay East,40721839,N,Y,37.8078112,-122.2557781
PAST SALE,December-3-2014,Condo/Co-op,565 Bellevue Ave #2507,Oakland,CA,94610,1450000,3,3.0,Lake Merritt,2150,18000,1969,920,674,1405,Sold,,,http://www.redfin.com/CA/Oakland/565-Bellevue-Ave-94610/unit-2507/home/525679,EBRD/CCAR/Bay East,40681638,N,Y,37.8078112,-122.2557781
PAST SALE,September-30-2014,Condo/Co-op,565 Bellevue Ave #1802,Oakland,CA,94610,799000,2,2.0,Lake Merritt,1284,18000,1969,984,622,734,Sold,,,http://www.redfin.com/CA/Oakland/565-Bellevue-Ave-94610/unit-1802/home/526250,EBRD/CCAR/Bay East,40675639,N,Y,37.8078112,-122.2557781
PAST SALE,March-14-2017,Condo/Co-op,565 Bellevue Ave #1008,Oakland,CA,94610,750000,1,2.0,Lake Merrit,860,18700,1969,88,872,696,Sold,,,http://www.redfin.com/CA/Oakland/565-Bellevue-Ave-94610/unit-1008/home/996800,EBRD/CCAR/Bay East,40766803,N,Y,37.8078112,-122.2557781
PAST SALE,April-3-2017,Condo/Co-op,670 Vernon St #102,Oakland,CA,94610,616000,2,1.0,Rose Garden,1094,33406,1968,68,563,609,Sold,,,http://www.redfin.com/CA/Oakland/670-Vernon-St-94610/unit-102/home/1754428,EBRD/CCAR/Bay East,40772784,N,Y,37.8197709,-122.2479297
PAST SALE,June-8-2016,Condo/Co-op,3877 Howe #202,Oakland,CA,94611,420000,1,1.0,Piedmont Avenue,684,14000,1964,367,614,361,Sold,,,http://www.redfin.com/CA/Oakland/3877-Howe-St-94611/unit-202/home/1076989,EBRD/CCAR/Bay East,40739377,N,Y,37.8261665,-122.2549678
PAST SALE,August-4-2015,Condo/Co-op,155 PEARL St #203,Oakland,CA,94611,430000,2,1.0,Oakland,859,,1973,676,501,406,Sold,,,http://www.redfin.com/CA/Oakland/155-Pearl-St-94611/unit-203/home/105430176,EBRD/CCAR/Bay East,40703390,N,Y,37.8172992,-122.2554876
PAST SALE,July-11-2014,Multi-Family (2-4 Unit),550 VERNON St,Oakland,CA,94610-1426,980000,4,1.0,Oakland,3430,5280,1898,1065,286,,Sold,,,http://www.redfin.com/CA/Oakland/550-Vernon-St-94610/home/1756197,EBRD/CCAR/Bay East,40656476,N,Y,37.8180173,-122.2501828
PAST SALE,,Condo/Co-op,460 Crescent St #114,Oakland,CA,94610,575000,2,2.0,,1367,,1971,,421,,,,,http://www.redfin.com/CA/Oakland/460-Crescent-St-94610/unit-114/home/771051,,,N,Y,37.8132869,-122.2498653
PAST SALE,,Condo/Co-op,460 Crescent St #403,Oakland,CA,94610,740000,2,2.0,,1425,,1971,,519,,,,,http://www.redfin.com/CA/Oakland/460-Crescent-St-94610/unit-403/home/811018,,,N,Y,37.8132869,-122.2498653
PAST SALE,,Condo/Co-op,460 Crescent St #226,Oakland,CA,94610,570000,2,2.0,,1116,,1971,,511,,,,,http://www.redfin.com/CA/Oakland/460-Crescent-St-94610/unit-226/home/1830610,,,N,Y,37.8132869,-122.2498653
PAST SALE,August-4-2016,Single Family Residential,286 SANTA CLARA Ave,Oakland,CA,94610,1000000,3,1.5,Grand Lake,1776,5192,1918,310,563,,Sold,,,http://www.redfin.com/CA/Oakland/286-Santa-Clara-Ave-94610/home/105525170,EBRD/CCAR/Bay East,40740408,Y,Y,37.8166405,-122.2493476
PAST SALE,,Multi-Family (2-4 Unit),275 MacArthur Blvd,Oakland,CA,94610,188500,10,10.0,,7692,10000,1950,,25,,,,,http://www.redfin.com/CA/Oakland/275-MacArthur-Blvd-94610/home/1653681,,,N,Y,37.8148609,-122.2522097
PAST SALE,March-23-2015,Multi-Family (2-4 Unit),3637 Grand Ave,Oakland,CA,94610-2029,1180000,4,2.5,Grand Lake,3186,4000,1910,810,370,,Sold,,,http://www.redfin.com/CA/Oakland/3637-Grand-Ave-94610/home/58665583,EBRD/CCAR/Bay East,40676665,N,Y,37.815734,-122.2460016
PAST SALE,June-10-2015,Single Family Residential,608 JEAN St,Oakland,CA,94610,1300000,4,3.0,Grand Lake,2339,7025,1912,731,556,,Sold,,,http://www.redfin.com/CA/Oakland/608-Jean-St-94610/home/1871159,EBRD/CCAR/Bay East,40696971,N,Y,37.8179269,-122.2473282
PAST SALE,November-18-2016,Condo/Co-op,460 CRESCENT St #218,Oakland,CA,94610,400000,1,1.0,Grand Lake,717,,1971,204,558,308,Sold,,,http://www.redfin.com/CA/Oakland/460-Crescent-St-94610/unit-218/home/1725914,EBRD/CCAR/Bay East,40758963,N,Y,37.8132869,-122.2498653
PAST SALE,July-1-2015,Condo/Co-op,455 Crescent St #311,Oakland,CA,94610,270000,1,1.0,Grand Lake,682,,1968,710,396,352,Sold,,,http://www.redfin.com/CA/Oakland/455-Crescent-St-94610/unit-311/home/1361581,EBRD/CCAR/Bay East,40695005,N,Y,37.8140454,-122.2501672
PAST SALE,,Multi-Family (2-4 Unit),362 Euclid Ave,Oakland,CA,94610,7050000,40,40.0,,31323,14000,1969,,225,,,,,http://www.redfin.com/CA/Oakland/362-Euclid-Ave-94610/home/1773844,,,N,Y,37.8126525,-122.2518773
PAST SALE,November-13-2015,Condo/Co-op,466 CRESCENT St #204,Oakland,CA,94610,575000,3,2.0,Grand Lake,1250,,1971,575,460,355,Sold,,,http://www.redfin.com/CA/Oakland/466-Crescent-St-94610/unit-204/home/26845094,EBRD/CCAR/Bay East,40715011,N,Y,37.8133361,-122.2497898
PAST SALE,October-19-2015,Condo/Co-op,455 Crescent St #302,Oakland,CA,94610,356500,0,1.0,Grand Lake,768,,1968,600,464,352,Sold,,,http://www.redfin.com/CA/Oakland/455-Crescent-St-94610/unit-302/home/1665195,EBRD/CCAR/Bay East,40715072,N,Y,37.8140454,-122.2501672
PAST SALE,March-31-2016,Condo/Co-op,427 LAGUNITAS Ave #205,Oakland,CA,94610,691000,2,2.0,Adams Point,1199,,1967,436,576,296,Sold,,,http://www.redfin.com/CA/Oakland/427-Lagunitas-Ave-94610/unit-205/home/1647826,EBRD/CCAR/Bay East,40728084,N,Y,37.809902,-122.250247
PAST SALE,,Multi-Family (2-4 Unit),396 Bellevue Ave,Oakland,CA,94610,8450000,39,30.0,,30471,18250,1960,,277,,,,,http://www.redfin.com/CA/Oakland/396-Bellevue-Ave-94610/home/526439,,,N,Y,37.8109633,-122.2522897
PAST SALE,October-10-2015,Single Family Residential,198 SANTA CLARA Ave,Oakland,CA,94610,650000,3,1.5,Grand Lake/ Rose,1414,3510,1901,609,460,,Sold,,,http://www.redfin.com/CA/Oakland/198-Santa-Clara-Ave-94610/home/1903608,EBRD/CCAR/Bay East,40715294,Y,Y,37.8181316,-122.2512842
PAST SALE,March-14-2015,Condo/Co-op,427 LAGUNITAS Ave #106,Oakland,CA,94610-3545,370000,1,1.0,Adams Point,818,,1967,819,452,272,Sold,,,http://www.redfin.com/CA/Oakland/427-Lagunitas-Ave-94610/unit-106/home/526312,EBRD/CCAR/Bay East,40686420,N,Y,37.809902,-122.250247
PAST SALE,,Condo/Co-op,4101 Howe St Apt 309,Oakland,CA,94611,625000,2,2.0,,1292,,1966,,484,,,,,http://www.redfin.com/CA/Oakland/4101-Howe-St-94611/unit-309/home/1328649,,,N,Y,37.827435,-122.253259
PAST SALE,December-9-2016,Condo/Co-op,,Oakland,CA,94611,330000,1,1.0,Piedmont Avenue,635,,1976,183,520,310,Sold,,,http://www.redfin.com/CA/Oakland/Undisclosed-address-94611/home/1880396,EBRD/CCAR/Bay East,40754518,N,Y,37.8337027,-122.2520389
PAST SALE,December-21-2015,Condo/Co-op,4395 PIEDMONT Ave Unit A201,Oakland,CA,94611,470000,1,1.0,Piedmont,636,,2007,537,739,377,Sold,,,http://www.redfin.com/CA/Oakland/4395-Piedmont-Ave-94611/unit-A201/home/17186005,EBRD/CCAR/Bay East,40717941,N,Y,37.8302682,-122.247759
PAST SALE,November-11-2014,Condo/Co-op,4101 HOWE St #106,Oakland,CA,94611-5161,440000,2,1.0,Piedmont Avenue,1008,,1966,942,437,274,Sold,,,http://www.redfin.com/CA/Oakland/4101-Howe-St-94611/unit-106/home/103462744,EBRD/CCAR/Bay East,40677887,N,Y,37.827435,-122.253259
PAST SALE,,Condo/Co-op,288 Whitmore St Apt 228,Oakland,CA,94611,379000,1,1.0,,720,,1976,,526,,,,,http://www.redfin.com/CA/Oakland/288-Whitmore-St-94611/unit-228/home/529017,,,N,Y,37.8337027,-122.2520389
PAST SALE,July-31-2015,Single Family Residential,4127 TERRACE St,Oakland,CA,94611,810000,4,3.0,Piedmont Avenue,1786,4376,1910,680,454,,Sold,,,http://www.redfin.com/CA/Oakland/4127-Terrace-St-94611/home/527512,EBRD/CCAR/Bay East,40702053,N,Y,37.829186,-122.254875
PAST SALE,,Multi-Family (2-4 Unit),4231 Howe St,Oakland,CA,94611,152500,10,8.0,,5872,6250,1958,,26,,,,,http://www.redfin.com/CA/Oakland/4231-Howe-St-94611/home/1936166,,,N,Y,37.8291172,-122.2509489
PAST SALE,November-15-2016,Condo/Co-op,771 Kingston Ave #107,Oakland,CA,94611,530000,2,2.0,Piedmont Avenue,1023,,1970,207,518,318,Sold,,,http://www.redfin.com/CA/Piedmont/771-Kingston-Ave-94611/unit-107/home/528193,EBRD/CCAR/Bay East,40760080,N,Y,37.823979,-122.2493785
PAST SALE,April-16-2015,Single Family Residential,4415 PLEASANT VALLEY Ct N,Oakland,CA,94611,680000,2,1.5,Piedmont Avenue,1035,2240,1922,786,657,,Sold,,,http://www.redfin.com/CA/Oakland/4415-Pleasant-Valley-Ct-N-94611/home/2029498,EBRD/CCAR/Bay East,40687831,N,Y,37.8299804,-122.2461589
PAST SALE,April-15-2016,Condo/Co-op,4101 HOWE St #207,Oakland,CA,94611,505000,1,1.0,Piedmont Avenue,759,,1966,421,665,208,Sold,,,http://www.redfin.com/CA/Oakland/4101-Howe-St-94611/unit-207/home/1869001,EBRD/CCAR/Bay East,40731766,N,Y,37.827435,-122.253259
PAST SALE,,Condo/Co-op,4141 Piedmont Ave Apt 302,Oakland,CA,94611,400000,1,1.0,,625,,1974,,640,,,,,http://www.redfin.com/CA/Oakland/4141-Piedmont-Ave-94611/unit-302/home/1618044,,,N,Y,37.827171,-122.25188
PAST SALE,October-28-2014,Condo/Co-op,1 KELTON Ct Unit 10D,Oakland,CA,94611-4830,545000,2,2.5,Piedmont Avenue,1586,49658,1974,956,344,578,Sold,,,http://www.redfin.com/CA/Oakland/1-Kelton-Ct-94611/unit-10D/home/1242571,EBRD/CCAR/Bay East,40678911,N,Y,37.8243896,-122.2508859
PAST SALE,November-16-2015,Condo/Co-op,1 Kelton Ct Unit 9D,Oakland,CA,94611,450000,1,1.0,Piedmont Avenue,720,49845,1974,572,625,376,Sold,,,http://www.redfin.com/CA/Oakland/1-Kelton-Ct-94611/unit-9D/home/1842476,EBRD/CCAR/Bay East,40716186,N,Y,37.8243896,-122.2508859
PAST SALE,August-17-2015,Condo/Co-op,3877 Howe St #203,Oakland,CA,94611,412000,1,1.0,Oakland,684,,1964,663,602,334,Sold,,,http://www.redfin.com/CA/Oakland/3877-Howe-St-94611/unit-203/home/528406,San Francisco MLS,435076,N,Y,37.8261665,-122.2549678
PAST SALE,,Condo/Co-op,4902 Broadway Apt 103,Oakland,CA,94611,561000,1,1.0,,1068,,2005,,525,,,,,http://www.redfin.com/CA/Oakland/4902-Broadway-94611/unit-103/home/2113440,,,N,Y,37.833589,-122.252526
PAST SALE,February-10-2015,Condo/Co-op,750 OAKLAND Ave #304,Oakland,CA,94611-4437,425000,1,1.0,Rose Garden,791,,1970,851,537,334,Sold,,,http://www.redfin.com/CA/Oakland/750-Oakland-Ave-94611/unit-304/home/1963736,EBRD/CCAR/Bay East,40683527,N,Y,37.821125,-122.247933
PAST SALE,September-6-2014,Condo/Co-op,590 EL DORADO Ave #207,Oakland,CA,94611-5027,340000,1,1.0,Piedmont Avenue,803,,1972,1008,423,312,Sold,,,http://www.redfin.com/CA/Oakland/590-El-Dorado-Ave-94611/home/1961853,EBRD/CCAR/Bay East,40668441,N,Y,37.8216303,-122.2525136
PAST SALE,November-11-2015,Condo/Co-op,758 KINGSTON Ave #303,Oakland,CA,94611,620000,2,2.0,Piedmont Avenue,1407,,1965,577,441,444,Sold,,,http://www.redfin.com/CA/Oakland/758-Kingston-Ave-94611/unit-303/home/1187897,EBRD/CCAR/Bay East,40718488,N,Y,37.823066,-122.249466
PAST SALE,September-29-2014,Condo/Co-op,70 YOSEMITE Ave #310,Oakland,CA,94611-5323,450000,2,1.5,Piedmont Avenue,1205,,1982,985,373,351,Sold,,,http://www.redfin.com/CA/Oakland/70-Yosemite-Ave-94611/unit-310/home/1508009,EBRD/CCAR/Bay East,40670482,N,Y,37.822842,-122.253939
PAST SALE,April-17-2015,Single Family Residential,3532 KEMPTON Way,Oakland,CA,94611,880000,3,1.0,Piedmont Avenue,1354,4200,1923,785,650,,Sold,,,http://www.redfin.com/CA/Oakland/3532-Kempton-Way-94611/home/1935918,EBRD/CCAR/Bay East,40689413,N,Y,37.8213353,-122.255735
PAST SALE,,Condo/Co-op,590 El Dorado Ave Unit 108,Oakland,CA,94611,371000,1,1.0,,803,,1972,,462,,,,,http://www.redfin.com/CA/Oakland/590-El-Dorado-Ave-94611/unit-108/home/1998921,,,N,Y,37.8216303,-122.2525136
PAST SALE,February-22-2016,Single Family Residential,84 RIO VISTA Ave,Oakland,CA,94611,555000,2,1.0,Piedmont Avenue,1117,3150,1900,474,497,,Sold,,,http://www.redfin.com/CA/Oakland/84-Rio-Vista-Ave-94611/home/1627613,EBRD/CCAR/Bay East,40725462,N,Y,37.8230587,-122.2529611
PAST SALE,September-9-2014,Single Family Residential,645 MARIPOSA Ave,Oakland,CA,94610-1312,789000,3,2.0,Grand Lake/ Rose,2010,3680,1916,1005,393,,Sold,,,http://www.redfin.com/CA/Oakland/645-Mariposa-Ave-94610/home/526124,EBRD/CCAR/Bay East,40667712,N,Y,37.8203235,-122.2498654
PAST SALE,July-18-2016,Single Family Residential,82 MONTELL St,Oakland,CA,94611,510000,2,1.0,Oakland,640,2790,1910,327,797,,Sold,,,http://www.redfin.com/CA/Oakland/82-Montell-St-94611/home/1397495,EBRD/CCAR/Bay East,40743519,N,Y,37.823755,-122.252725
PAST SALE,October-7-2014,Condo/Co-op,3750 HARRISON St #201,Oakland,CA,94611-5037,415000,1,1.0,Piedmont Avenue,760,,1966,977,546,231,Sold,,,http://www.redfin.com/CA/Oakland/3750-Harrison-St-94611/unit-201/home/1798898,EBRD/CCAR/Bay East,40674086,N,Y,37.8204502,-122.2527473
PAST SALE,December-2-2016,Condo/Co-op,590 EL DORADO Ave #212,Oakland,CA,94611,550000,2,2.0,Piedmont Avenue,1216,,1972,190,452,400,Sold,,,http://www.redfin.com/CA/Oakland/590-El-Dorado-Ave-94611/unit-212/home/109066133,EBRD/CCAR/Bay East,40758426,N,Y,37.8216303,-122.2525136
PAST SALE,March-24-2015,Condo/Co-op,567 OAKLAND Ave #209,Oakland,CA,94611,345000,1,1.0,Oakland,750,,1970,809,460,295,Sold,,,http://www.redfin.com/CA/Oakland/567-Oakland-Ave-94611/unit-209/home/607009,EBRD/CCAR/Bay East,40688364,N,Y,37.8205451,-122.2519359
PAST SALE,November-13-2014,Condo/Co-op,150 PEARL St #313,Oakland,CA,94611-5555,186000,0,1.0,Adams Point,485,,1973,940,384,315,Sold,,,http://www.redfin.com/CA/Oakland/150-Pearl-St-94611/unit-313/home/762484,EBRD/CCAR/Bay East,40673983,N,Y,37.817639,-122.254992
PAST SALE,,Condo/Co-op,3751 Harrison St Apt 105,Oakland,CA,94611,403000,2,1.0,,754,,1972,,534,,,,,http://www.redfin.com/CA/Oakland/3751-Harrison-St-94611/unit-105/home/1880102,,,N,Y,37.820814,-122.2531685
PAST SALE,May-15-2015,Condo/Co-op,360 VERNON St #303,Oakland,CA,94610,556000,2,1.0,Adams Point,843,8000,1961,757,660,392,Sold,,,http://www.redfin.com/CA/Oakland/360-Vernon-St-94610/unit-303/home/878989,EBRD/CCAR/Bay East,40693653,N,Y,37.8157562,-122.254664
PAST SALE,March-17-2015,Condo/Co-op,460 CRESCENT St #211,Oakland,CA,94610-2620,270000,1,1.0,Grand Lake,654,,1971,816,413,301,Sold,,,http://www.redfin.com/CA/Oakland/460-Crescent-St-94610/home/1687819,EBRD/CCAR/Bay East,40672618,N,Y,37.8132869,-122.2498653
PAST SALE,December-19-2016,Condo/Co-op,500 VERNON St #120,Oakland,CA,94610,578000,2,2.0,Grand Lake/ Rose,1091,,1974,173,530,381,Sold,,,http://www.redfin.com/CA/Oakland/500-Vernon-St-94610/unit-120/home/607189,EBRD/CCAR/Bay East,40759795,N,Y,37.8176783,-122.2503778
PAST SALE,December-22-2015,Condo/Co-op,3750 Harrison St #103,Oakland,CA,94611,329000,1,1.0,Piedmont Avenue,768,,1966,536,428,231,Sold,,,http://www.redfin.com/CA/Oakland/3750-Harrison-St-94611/unit-103/home/81630613,EBRD/CCAR/Bay East,40700668,N,Y,37.8204502,-122.2527473
PAST SALE,August-29-2016,Condo/Co-op,127 BAYO VISTA Ave #108,Oakland,CA,94611,420000,1,1.0,Piedmont Avenue,799,,1972,285,526,253,Sold,,,http://www.redfin.com/CA/Oakland/127-Bayo-Vista-Ave-94611/unit-108/home/996944,EBRD/CCAR/Bay East,40740625,N,Y,37.8212509,-122.250822
PAST SALE,May-5-2016,Condo/Co-op,655 CHETWOOD St #304,Oakland,CA,94610,455000,1,1.0,Rose Garden,880,11220,1980,401,517,428,Sold,,,http://www.redfin.com/CA/Oakland/655-Chetwood-St-94610/unit-304/home/526689,EBRD/CCAR/Bay East,40735647,N,Y,37.819164,-122.248204
PAST SALE,October-6-2015,Condo/Co-op,22 MOSS Ave #208,Oakland,CA,94610,450000,2,2.0,Rose Garden,1131,,1965,613,398,350,Sold,,,http://www.redfin.com/CA/Oakland/22-Moss-Ave-94610/unit-208/home/1664964,EBRD/CCAR/Bay East,40712227,N,Y,37.818934,-122.2509746
PAST SALE,June-30-2016,Condo/Co-op,398 Adams St #104,Oakland,CA,94610,420000,1,1.0,Adams Point,750,,1966,345,560,370,Sold,,,http://www.redfin.com/CA/Oakland/398-Adams-St-94610/unit-104/home/1355250,EBRD/CCAR/Bay East,40740990,N,Y,37.8152946,-122.2537917
PAST SALE,October-31-2016,Single Family Residential,3240 KEMPTON Ave,Oakland,CA,94611,903240,2,1.0,Echo/Glen Park,1207,3588,1945,222,748,,Sold,,,http://www.redfin.com/CA/Oakland/3240-Kempton-Ave-94611/home/1797490,EBRD/CCAR/Bay East,40760039,N,Y,37.819054,-122.257821
PAST SALE,April-8-2016,Condo/Co-op,500 Vernon #310,Oakland,CA,94610,645000,2,2.0,Grand Lake,1191,,1974,428,542,387,Sold,,,http://www.redfin.com/CA/Oakland/500-Vernon-St-94610/unit-310/home/526405,EBRD/CCAR/Bay East,40730411,N,Y,37.8176783,-122.2503778
PAST SALE,July-1-2016,Condo/Co-op,645 CHETWOOD St #302,Oakland,CA,94610,695000,2,2.0,Rose Garden,1142,,1972,344,609,503,Sold,,,http://www.redfin.com/CA/Oakland/645-Chetwood-St-94610/unit-302/home/1969829,EBRD/CCAR/Bay East,40743877,N,Y,37.818898,-122.2485001
PAST SALE,December-30-2016,Single Family Residential,3025 Harrison Sreet,Oakland,CA,94611-5523,675000,3,1.0,Oakland,1298,2632,1912,162,520,,Sold,,,http://www.redfin.com/CA/Oakland/3025-Harrison-St-94611/home/770954,EBRD/CCAR/Bay East,40763356,N,Y,37.8173075,-122.2577137
PAST SALE,,Condo/Co-op,670 Vernon St Apt 201,Oakland,CA,94610,535000,1,1.0,,1096,,1968,,488,,,,,http://www.redfin.com/CA/Oakland/670-Vernon-St-94610/unit-201/home/1647856,,,N,Y,37.8197709,-122.2479297
PAST SALE,May-25-2016,Condo/Co-op,321 WARWICK Ave #203,Oakland,CA,94610,451000,1,1.0,Adams Point,807,,1966,381,559,410,Sold,,,http://www.redfin.com/CA/Oakland/321-Warwick-Ave-94610/unit-203/home/1506447,EBRD/CCAR/Bay East,40735806,N,Y,37.8132426,-122.2547244
PAST SALE,May-4-2016,Condo/Co-op,466 CRESCENT St #403,Oakland,CA,94610,740000,3,2.0,Grand Lake,1425,,1971,402,519,377,Sold,,,http://www.redfin.com/CA/Oakland/466-Crescent-St-94610/unit-403/home/104210549,EBRD/CCAR/Bay East,40732704,N,Y,37.8133361,-122.2497898
PAST SALE,February-23-2016,Condo/Co-op,455 CRESCENT St #312,Oakland,CA,94610,245000,1,1.0,Crescent Circle,546,,1968,473,449,352,Sold,,,http://www.redfin.com/CA/Oakland/455-Crescent-St-94610/unit-312/home/105426993,EBRD/CCAR/Bay East,40707865,N,Y,37.8140454,-122.2501672
PAST SALE,December-30-2015,Multi-Family (2-4 Unit),3233 Harrison St,Oakland,CA,94611,1430000,12,8.0,Oakland,3846,6816,1985,528,372,,Sold,,,http://www.redfin.com/CA/Oakland/3233-Harrison-St-94611/home/526021,EBRD/CCAR/Bay East,40714168,N,Y,37.8182276,-122.2561534
PAST SALE,September-12-2016,Condo/Co-op,500 VERNON St #311,Oakland,CA,94610,465000,1,1.0,Grand Lake/ Rose,744,,1974,271,625,345,Sold,,,http://www.redfin.com/CA/Oakland/500-Vernon-St-94610/unit-311/home/1284817,EBRD/CCAR/Bay East,40752644,N,Y,37.8176783,-122.2503778
PAST SALE,June-25-2015,Multi-Family (2-4 Unit),766 Kingston Ave,Oakland,CA,94611,1450000,7,5.0,Piedmont Avenue,4320,10894,1956,716,336,,Sold,,,http://www.redfin.com/CA/Oakland/766-Kingston-Ave-94611/home/920152,EBRD/CCAR/Bay East,40696180,N,Y,37.8233896,-122.2492668
PAST SALE,January-16-2016,Condo/Co-op,551 JEAN St #307,Oakland,CA,94610,385000,1,1.0,Grand Lake,730,,1971,511,527,324,Sold,,,http://www.redfin.com/CA/Oakland/551-Jean-St-94610/unit-307/home/526397,EBRD/CCAR/Bay East,40726336,N,Y,37.817513,-122.248561
PAST SALE,February-25-2016,Condo/Co-op,425 ORANGE St #113,Oakland,CA,94610,380000,1,1.0,Adams Point,541,,1966,471,702,417,Sold,,,http://www.redfin.com/CA/Oakland/425-Orange-St-94610/unit-113/home/1139864,EBRD/CCAR/Bay East,40719213,N,Y,37.8176737,-122.2543009
PAST SALE,September-5-2014,Condo/Co-op,150 PEARL St #216,Oakland,CA,94611-5572,202000,0,1.0,Adams Point,412,,1973,1009,490,304,Sold,,,http://www.redfin.com/CA/Oakland/150-Pearl-St-94611/unit-216/home/907976,EBRD/CCAR/Bay East,40666764,N,Y,37.817639,-122.254992
PAST SALE,April-11-2016,Condo/Co-op,150 PEARL St #125,Oakland,CA,94611,425000,2,1.0,Oakland,917,999,1973,425,463,413,Sold,,,http://www.redfin.com/CA/Oakland/150-Pearl-St-94611/unit-125/home/1980980,EBRD/CCAR/Bay East,40730690,N,Y,37.817639,-122.254992
PAST SALE,March-24-2016,Single Family Residential,4501 MORAGA Ave,Oakland,CA,94611,819000,2,1.0,Piedmont Avenue,898,1407,1928,443,912,,Sold,,,http://www.redfin.com/CA/Piedmont/4501-Moraga-Ave-94611/home/1411258,EBRD/CCAR/Bay East,40728790,N,Y,37.8302166,-122.2434852
PAST SALE,May-2-2016,Single Family Residential,85 RONADA Ave,Piedmont,CA,94611,1210000,2,1.0,Piedmont,1248,3120,1921,404,970,,Sold,,,http://www.redfin.com/CA/Piedmont/85-Ronada-Ave-94611/home/1387687,EBRD/CCAR/Bay East,40736424,N,Y,37.8296993,-122.2434784
PAST SALE,February-1-2017,Condo/Co-op,376 Orange St #2,Oakland,CA,94610,731000,2,1.0,Adams Point,1260,,1937,129,580,367,Sold,,,http://www.redfin.com/CA/Oakland/376-Orange-St-94610/unit-2/home/1275644,EBRD/CCAR/Bay East,40766612,N,Y,37.8163899,-122.2554236
PAST SALE,,Condo/Co-op,288 Whitmore St,Oakland,CA,94611,337500,0,1.0,,450,,1976,,750,,,,,http://www.redfin.com/CA/Oakland/288-Whitmore-St-94611/home/1698625,,,N,Y,37.8337027,-122.2520389
PAST SALE,March-23-2017,Single Family Residential,4207 Terrace St,Oakland,CA,94611,1133000,3,1.5,Piedmont Avenue,1702,3880,1919,79,666,,Sold,,,http://www.redfin.com/CA/Oakland/4207-Terrace-St-94611/home/2029488,EBRD/CCAR/Bay East,40769376,N,Y,37.8300204,-122.2542286
PAST SALE,February-18-2015,Single Family Residential,4001 HOWE St,Oakland,CA,94611-5211,1175000,4,4.0,Downtown,3800,5000,1906,843,309,,Sold,,,http://www.redfin.com/CA/Oakland/4001-Howe-St-94611/home/28650260,EBRD/CCAR/Bay East,40687527,N,Y,37.8265695,-122.2542459
PAST SALE,,Multi-Family (2-4 Unit),394 Orange St,Oakland,CA,94610,3685000,12,12.0,,9560,6000,1974,,385,,,,,http://www.redfin.com/CA/Oakland/394-Orange-St-94610/home/1798820,,,N,Y,37.816706,-122.2548096
PAST SALE,,Condo/Co-op,758 Kingston Ave #21,Oakland,CA,94611,150000,1,1.0,,800,,1965,,188,,,,,http://www.redfin.com/CA/Oakland/758-Kingston-Ave-94611/unit-21/home/607376,,,N,Y,37.823066,-122.249466
PAST SALE,April-18-2017,Condo/Co-op,666 Oakland Ave #105,Oakland,CA,94611,480000,1,1.0,Oakland,757,,1965,53,634,314,Sold,,,http://www.redfin.com/CA/Oakland/666-Oakland-Ave-94611/unit-105/home/103457353,EBRD/CCAR/Bay East,40770621,N,Y,37.8206369,-122.249828
PAST SALE,,Multi-Family (2-4 Unit),761 Kingston Ave,Piedmont,CA,94611,1182000,5,5.0,,4799,6000,1926,,246,,,,,http://www.redfin.com/CA/Piedmont/761-Kingston-Ave-94611/home/1981099,,,N,Y,37.8235159,-122.2500048
PAST SALE,,Multi-Family (2-4 Unit),75 Monte Vista Ave,Oakland,CA,94611,1300000,4,4.0,,2472,6117,1910,,526,,,,,http://www.redfin.com/CA/Oakland/75-Monte-Vista-Ave-94611/home/1249429,,,N,Y,37.8245069,-122.252983
PAST SALE,April-21-2017,Condo/Co-op,288 Whitmore St,Oakland,CA,94611,601000,2,1.0,Rockridge,875,,1976,50,687,330,Sold,,,http://www.redfin.com/CA/Oakland/288-Whitmore-St-94611/home/727731,EBRD/CCAR/Bay East,40773392,N,Y,37.8337027,-122.2520389
PAST SALE,April-11-2017,Single Family Residential,160 Frisbie St,Oakland,CA,94611,1025000,3,1.0,Oak Park,1431,3420,1927,60,716,,Sold,,,http://www.redfin.com/CA/Oakland/160-Frisbie-St-94611/home/1880096,EBRD/CCAR/Bay East,40772566,Y,Y,37.8183975,-122.2585217
PAST SALE,January-18-2017,Single Family Residential,4463 Howe,Oakland,CA,94611,1650000,3,3.5,Piedmont Avenue,2440,5125,2016,143,676,,Sold,,,http://www.redfin.com/CA/Oakland/4463-Howe-St-94611/home/109498495,EBRD/CCAR/Bay East,40763108,N,Y,37.8318231,-122.2469201
PAST SALE,,Single Family Residential,4482 Montgomery St,Oakland,CA,94611,960000,4,2.0,,1874,6900,1926,,512,,,,,http://www.redfin.com/CA/Oakland/4482-Montgomery-St-94611/home/528215,,,N,Y,37.832593,-122.247035
PAST SALE,April-18-2017,Multi-Family (2-4 Unit),248 Ridgeway Ave,Oakland,CA,94611,1400000,3,3.0,Oakland,2653,7200,1911,53,528,,Sold,,,http://www.redfin.com/CA/Oakland/248-Ridgeway-Ave-94611/home/1951910,EBRD/CCAR/Bay East,40771509,N,Y,37.8296122,-122.2529386
PAST SALE,May-2-2017,Condo/Co-op,288 Whitmore St #109,Oakland,CA,94611-4695,395000,1,1.0,Rockridge,,,1976,39,,310,Sold,,,http://www.redfin.com/CA/Oakland/288-Whitmore-St-94611/unit-109/home/113438399,EBRD/CCAR/Bay East,40773833,N,Y,37.8337027,-122.2520389
PAST SALE,November-17-2014,Condo/Co-op,1 KELTON Ct Unit 6A,Oakland,CA,94611-4830,325000,1,1.0,Piedmont,677,49658,1974,936,480,370,Sold,,,http://www.redfin.com/CA/Oakland/1-Kelton-Ct-94611/unit-6A/home/528450,EBRD/CCAR/Bay East,40666908,N,Y,37.8243896,-122.2508859
PAST SALE,,Multi-Family (2-4 Unit),430 Vernon St,Oakland,CA,94610,2800000,24,12.0,,8004,7900,1961,,350,,,,,http://www.redfin.com/CA/Oakland/430-Vernon-St-94610/home/1653544,,,N,Y,37.8165078,-122.2532651
PAST SALE,May-22-2017,Condo/Co-op,758 Kingston Ave #209,Oakland,CA,94611,370000,1,1.0,Oakland,567,,1965,19,653,367,Sold,,,http://www.redfin.com/CA/Oakland/758-Kingston-Ave-94611/unit-209/home/1306133,San Francisco MLS,450137,N,Y,37.823066,-122.249466
PAST SALE,May-23-2017,Condo/Co-op,4101 Howe St,Oakland,CA,94611,575000,2,1.0,Piedmont Avenue,1008,,1966,18,570,281,Sold,,,http://www.redfin.com/CA/Oakland/4101-Howe-St-94611/home/549384,EBRD/CCAR/Bay East,40778287,N,Y,37.827435,-122.253259
PAST SALE,May-26-2017,Single Family Residential,346 Santa Clara Ave,Oakland,CA,94610,1310000,3,2.0,Lakeshore/Grand,2124,3930,1924,15,617,,Sold,,,http://www.redfin.com/CA/Oakland/346-Santa-Clara-Ave-94610/home/526189,EBRD/CCAR/Bay East,40779877,Y,Y,37.814824,-122.2486432
PAST SALE,April-13-2017,Condo/Co-op,1 Kelton Ct Unit 4C,Oakland,CA,94611-4855,510000,1,1.0,Piedmont Avenue,720,,1974,58,708,415,Sold,,,http://www.redfin.com/CA/Oakland/1-Kelton-Ct-94611/unit-4C/home/1495023,EBRD/CCAR/Bay East,40774481,N,Y,37.8243896,-122.2508859
PAST SALE,May-26-2017,Condo/Co-op,3768 Harrison St #303,Oakland,CA,94611,360000,1,1.0,Piedmont/Grand,936,,1971,15,385,309,Sold,,,http://www.redfin.com/CA/Oakland/3768-Harrison-St-94611/unit-303/home/1531712,EBRD/CCAR/Bay East,40780220,N,Y,37.8206037,-122.2525431
PAST SALE,April-28-2017,Single Family Residential,81 Montell St,Oakland,CA,94611,1350000,3,2.0,Piedmont Avenue,1373,3150,1912,43,983,,Sold,,,http://www.redfin.com/CA/Oakland/81-Montell-St-94611/home/1242450,EBRD/CCAR/Bay East,40776359,Y,Y,37.823424,-122.253003
PAST SALE,May-31-2017,Condo/Co-op,4395 Piedmont Ave #202,Oakland,CA,94611,750000,1,1.5,Piedmont Avenue,1260,,2007,10,595,670,Sold,,,http://www.redfin.com/CA/Oakland/4395-Piedmont-Ave-94611/unit-202/home/17184601,EBRD/CCAR/Bay East,40780227,N,Y,37.8302682,-122.247759
PAST SALE,May-31-2017,Condo/Co-op,555 Jean St #321,Oakland,CA,94610,395000,1,1.0,Grand Lake/ Rose,622,,1971,10,635,330,Sold,,,http://www.redfin.com/CA/Oakland/555-Jean-St-94610/unit-321/home/526399,EBRD/CCAR/Bay East,40778890,N,Y,37.817513,-122.248561
PAST SALE,November-2-2016,Townhouse,4473 Montgomery #2,Oakland,CA,94611,805000,2,2.5,Oakland,1771,,1983,220,455,500,Sold,,,http://www.redfin.com/CA/Oakland/4473-Montgomery-St-94611/unit-2/home/605463,San Francisco MLS,451064,N,Y,37.832933,-122.247528
PAST SALE,,Condo/Co-op,407 Orange St Apt 201,Oakland,CA,94610,124000,1,1.0,,971,,1970,,128,,,,,http://www.redfin.com/CA/Oakland/407-Orange-St-94610/unit-201/home/1076541,,,N,Y,37.8172922,-122.2548817
PAST SALE,June-2-2017,Single Family Residential,4902 Broadway #203,Oakland,CA,94611,735000,1,1.5,Rockridge,1068,,2005,8,688,398,Sold,,,http://www.redfin.com/CA/Oakland/4902-Broadway-94611/unit-203/home/2115262,EBRD/CCAR/Bay East,40777249,N,Y,37.833589,-122.252526
PAST SALE,May-5-2017,Condo/Co-op,288 Whitmore St #106,Oakland,CA,94611,385000,1,1.0,Piedmont Avenue,635,,1976,36,606,310,Sold,,,http://www.redfin.com/CA/Oakland/288-Whitmore-St-94611/unit-106/home/1562626,EBRD/CCAR/Bay East,40775683,N,Y,37.8337026,-122.252039
PAST SALE,June-9-2017,Condo/Co-op,750 Oakland Ave #306,Oakland,CA,94611,510000,1,1.0,Rose Garden,770,,1970,1,662,398,Sold,,,http://www.redfin.com/CA/Oakland/750-Oakland-Ave-94611/unit-306/home/1494863,EBRD/CCAR/Bay East,40780197,N,Y,37.821125,-122.247933
PAST SALE,June-9-2017,Multi-Family (2-4 Unit),3038 Harrison St,Oakland,CA,94611,848000,4,3.0,Oakland,2948,3366,1954,1,288,,Sold,,,http://www.redfin.com/CA/Oakland/3038-Harrison-St-94611/home/840353,EBRD/CCAR/Bay East,40775830,N,Y,37.8171676,-122.2571263
PAST SALE,April-28-2017,Condo/Co-op,288 Whitmore St #217,OAKLAND,CA,94611,350000,0,1.0,OAKLAND,450,,1976,43,778,282,Sold,,,http://www.redfin.com/CA/Oakland/288-Whitmore-St-94611/unit-217/home/82663981,MLSListings,ML81644728,N,Y,37.8337027,-122.2520389
PAST SALE,,Condo/Co-op,288 Whitmore St Apt 217,Oakland,CA,94611,350000,0,1.0,,450,,1976,,778,,,,,http://www.redfin.com/CA/Oakland/288-Whitmore-St-94611/unit-217/home/1670254,,,N,Y,37.8337026,-122.252039
PAST SALE,May-31-2017,Condo/Co-op,4099 Howe St #302,Oakland,CA,94611,575000,2,1.0,Oakland,806,,1972,10,713,360,Sold,,,http://www.redfin.com/CA/Oakland/4099-Howe-St-94611/unit-302/home/113759826,San Francisco MLS,457211,N,Y,37.8271269,-122.2536183
PAST SALE,June-9-2017,Single Family Residential,122 Monte Vista Ave,Oakland,CA,94611,1350000,4,2.5,Piedmont Avenue,1768,4329,1912,1,764,,Sold,,,http://www.redfin.com/CA/Oakland/122-Monte-Vista-Ave-94611/home/527647,EBRD/CCAR/Bay East,40779777,Y,Y,37.8243921,-122.2519415
PAST SALE,,Condo/Co-op,565 Bellevue Ave Apt 2102,Oakland,CA,94610,620100,2,2.0,,1284,,1969,,483,,,,,http://www.redfin.com/CA/Oakland/565-Bellevue-Ave-94610/unit-2102/home/526253,,,N,Y,37.8078112,-122.2557781
PAST SALE,September-9-2014,Single Family Residential,751 KINGSTON Ave,Oakland,CA,94611-4410,800000,2,1.5,Piedmont Avenue,1360,2900,1910,1005,588,,Sold,,,http://www.redfin.com/CA/Piedmont/751-Kingston-Ave-94611/home/727538,EBRD/CCAR/Bay East,40670153,N,Y,37.8230946,-122.2502652
PAST SALE,April-3-2017,Condo/Co-op,670 Vernon St #302,Oakland,CA,94610,670000,2,1.0,Rose Garden,1094,33406,1968,68,612,637,Sold,,,http://www.redfin.com/CA/Oakland/670-Vernon-St-94610/unit-302/home/526685,EBRD/CCAR/Bay East,40772150,N,Y,37.8197709,-122.2479297
PAST SALE,,Condo/Co-op,565 Bellevue Ave Apt 2204,Oakland,CA,94610,648000,1,2.0,,860,,1969,,753,,,,,http://www.redfin.com/CA/Oakland/565-Bellevue-Ave-94610/unit-2204/home/1605656,,,N,Y,37.8078112,-122.2557781
PAST SALE,,Multi-Family (2-4 Unit),3779 Harrison St,Oakland,CA,94611,3800000,30,16.0,,12121,9200,1964,,314,,,,,http://www.redfin.com/CA/Oakland/3779-Harrison-St-94611/home/1482248,,,N,Y,37.8212296,-122.2525609
PAST SALE,,Condo/Co-op,666 Oakland Ave,Oakland,CA,94611,480000,1,1.0,,757,,1965,,634,,,,,http://www.redfin.com/CA/Oakland/666-Oakland-Ave-94611/home/1397194,,,N,Y,37.8206369,-122.249828
PAST SALE,,Multi-Family (2-4 Unit),32 Randwick Ave,Oakland,CA,94611,1039000,3,2.0,,1672,3116,1906,,621,,,,,http://www.redfin.com/CA/Oakland/32-Randwick-Ave-94611/home/727250,,,N,Y,37.8207055,-122.2595259
PAST SALE,May-19-2017,Single Family Residential,519 Fairmount Ave,Oakland,CA,94611,900000,4,1.5,Oakland,2230,4200,1912,22,404,,Sold,,,http://www.redfin.com/CA/Oakland/519-Fairmount-Ave-94611/home/1980972,EBRD/CCAR/Bay East,40769977,N,Y,37.821365,-122.255177
PAST SALE,May-24-2017,Condo/Co-op,155 Pearl St #303,Oakland,CA,94611,537500,2,1.0,Adams Point,859,,1973,17,626,414,Sold,,,http://www.redfin.com/CA/Oakland/155-Pearl-St-94611/unit-303/home/113751777,EBRD/CCAR/Bay East,40777911,N,Y,37.8172992,-122.2554876
PAST SALE,May-26-2017,Condo/Co-op,455 Crescent St #106,Oakland,CA,94610,431500,2,1.5,Grand Lake,792,,1968,15,545,395,Sold,,,http://www.redfin.com/CA/Oakland/455-Crescent-St-94610/unit-106/home/528270,EBRD/CCAR/Bay East,40775594,N,Y,37.8140454,-122.2501672
PAST SALE,April-20-2017,Condo/Co-op,407 Orange St #312,Oakland,CA,94610,420000,1,1.0,Adams Point,967,,1970,51,434,477,Sold,,,http://www.redfin.com/CA/Oakland/407-Orange-St-94610/unit-312/home/616556,EBRD/CCAR/Bay East,40778040,N,Y,37.8172922,-122.2548817
PAST SALE,May-30-2017,Condo/Co-op,22 Moss Ave #311,Oakland,CA,94610,615000,2,2.0,Rose Garden,1195,,1965,11,515,464,Sold,,,http://www.redfin.com/CA/Oakland/22-Moss-Ave-94610/unit-311/home/1562623,EBRD/CCAR/Bay East,40777928,N,Y,37.818934,-122.2509746
PAST SALE,May-10-2017,Condo/Co-op,427 Lagunitas Ave #204,Oakland,CA,94610,510000,1,1.0,Adams Point,925,,1967,31,551,299,Sold,,,http://www.redfin.com/CA/Oakland/427-Lagunitas-Ave-94610/unit-204/home/840744,EBRD/CCAR/Bay East,40776481,N,Y,37.809902,-122.250247
PAST SALE,May-2-2017,Condo/Co-op,360 Vernon St #102,Oakland,CA,94610,555000,2,2.0,Adams Point,982,8000,1966,39,565,431,Sold,,,http://www.redfin.com/CA/Oakland/360-Vernon-St-94610/unit-102/home/784968,EBRD/CCAR/Bay East,40772168,N,Y,37.8157562,-122.2546639
PAST SALE,May-3-2017,Single Family Residential,90 Montell St,Oakland,CA,94611,1125000,3,1.0,Piedmont Avenue,1631,2700,1912,38,690,,Sold,,,http://www.redfin.com/CA/Oakland/90-Montell-St-94611/home/527650,EBRD/CCAR/Bay East,40775390,Y,Y,37.8236043,-122.2526094
PAST SALE,January-26-2017,Condo/Co-op,565 Bellevue Ave #806,Oakland,CA,94610,875000,2,2.0,Lake Merritt,1243,18000,1969,135,704,759,Sold,,,http://www.redfin.com/CA/Oakland/565-Bellevue-Ave-94610/unit-806/home/1807896,EBRD/CCAR/Bay East,40755827,N,Y,37.8078112,-122.2557781
PAST SALE,January-5-2016,Condo/Co-op,565 Bellevue Ave #1402,Oakland,CA,94610,950000,2,2.0,Lake Merritt,1284,18000,1969,522,740,740,Sold,,,http://www.redfin.com/CA/Oakland/565-Bellevue-Ave-94610/unit-1402/home/1630057,EBRD/CCAR/Bay East,40724859,N,Y,37.8078112,-122.2557781
PAST SALE,October-5-2016,Multi-Family (2-4 Unit),682 Jean St,Oakland,CA,94610-1410,1375000,4,2.0,Oakland,2326,2673,1922,248,591,,Sold,,,http://www.redfin.com/CA/Oakland/682-Jean-St-94610/home/526695,EBRD/CCAR/Bay East,40756963,Y,Y,37.8189088,-122.2464193
PAST SALE,December-23-2014,Condo/Co-op,3751 HARRISON St #102,Oakland,CA,94611-5036,295000,1,1.0,Piedmont Avenue,644,5625,1972,900,458,310,Sold,,,http://www.redfin.com/CA/Oakland/3751-Harrison-St-94611/unit-102/home/526047,EBRD/CCAR/Bay East,40676470,N,Y,37.820814,-122.2531685
PAST SALE,December-30-2015,Single Family Residential,630 VERNON St,Oakland,CA,94610,1150000,4,2.5,Rose Garden,2775,5940,1910,528,414,,Sold,,,http://www.redfin.com/CA/Oakland/630-Vernon-St-94610/home/1974139,EBRD/CCAR/Bay East,40719437,N,Y,37.8191549,-122.2488935
PAST SALE,March-27-2015,Condo/Co-op,4902 Broadway #101,Oakland,CA,94611,605000,1,1.5,Piedmont Avenue,1206,,2005,806,502,411,Sold,,,http://www.redfin.com/CA/Oakland/4902-Broadway-94611/unit-101/home/2114726,EBRD/CCAR/Bay East,40687611,N,Y,37.833589,-122.252526
PAST SALE,December-17-2014,Single Family Residential,951 ROSE Ave,Oakland,CA,94611-4343,1122000,3,2.0,Piedmont Avenue,1870,4704,1903,906,600,,Sold,,,http://www.redfin.com/CA/Oakland/951-Rose-Ave-94611/home/1797680,EBRD/CCAR/Bay East,40678467,N,Y,37.826248,-122.2478529
PAST SALE,,Multi-Family (2-4 Unit),32 Entrada Ave,Oakland,CA,94611,850000,3,2.0,,1710,3080,1955,,497,,,,,http://www.redfin.com/CA/Oakland/32-Entrada-Ave-94611/home/785333,,,N,Y,37.827548,-122.249715
PAST SALE,December-16-2014,Condo/Co-op,4508 MONTGOMERY St #2,Oakland,CA,94611-4209,525000,3,2.0,Piedmont Avenue,1391,,1929,907,377,375,Sold,,,http://www.redfin.com/CA/Oakland/4508-Montgomery-St-94611/unit-2/home/785492,EBRD/CCAR/Bay East,40671985,N,Y,37.832707,-122.246885
PAST SALE,December-30-2016,Single Family Residential,4467 Howe,Oakland,CA,94611,1475000,3,3.5,Piedmont Avenue,1876,5157,2016,162,786,,Sold,,,http://www.redfin.com/CA/Oakland/4467-Howe-St-94611/home/109498520,EBRD/CCAR/Bay East,40763115,N,Y,37.8318682,-122.2468624
PAST SALE,August-6-2015,Condo/Co-op,1 KELTON Ct Unit 1B,Oakland,CA,94611,405000,1,1.0,Piedmont Avenue,720,49658,1974,674,563,376,Sold,,,http://www.redfin.com/CA/Oakland/1-Kelton-Ct-94611/unit-1B/home/1476248,EBRD/CCAR/Bay East,40704115,N,Y,37.8243896,-122.2508859
PAST SALE,October-24-2014,Condo/Co-op,4902 Broadway #103,Oakland,CA,94611,561000,1,1.5,Oakland,,,2005,960,,347,Sold,,,http://www.redfin.com/CA/Oakland/4902-Broadway-94611/unit-000103/home/22683316,San Francisco MLS,426267,N,Y,37.833589,-122.252526
PAST SALE,May-20-2016,Condo/Co-op,385 JAYNE Ave #307,Oakland,CA,94610,350000,1,1.0,Adams Point,682,23750,1970,386,513,359,Sold,,,http://www.redfin.com/CA/Oakland/385-Jayne-Ave-94610/unit-307/home/1797409,EBRD/CCAR/Bay East,40736005,N,Y,37.81463,-122.2541822
PAST SALE,January-9-2017,Single Family Residential,435 Vernon St,Oakland,CA,94610,1170000,4,3.5,Adams Point,4060,6545,1914,152,288,,Sold,,,http://www.redfin.com/CA/Oakland/435-Vernon-St-94610/home/1956530,EBRD/CCAR/Bay East,40761029,N,Y,37.8171778,-122.2533369
PAST SALE,,Condo/Co-op,389 Belmont St Apt 406,Oakland,CA,94610,425000,1,1.0,,986,,1983,,431,,,,,http://www.redfin.com/CA/Oakland/389-Belmont-St-94610/unit-406/home/526390,,,N,Y,37.8094309,-122.254253
PAST SALE,,Multi-Family (2-4 Unit),355 Staten Ave,Oakland,CA,94610,4525000,22,16.0,,14617,9600,1956,,310,,,,,http://www.redfin.com/CA/Oakland/355-Staten-Ave-94610/home/1935936,,,N,Y,37.811795,-122.2544909
PAST SALE,December-28-2015,Condo/Co-op,424 ORANGE St #103,Oakland,CA,94610,285000,1,1.0,Adams Point,634,,1973,530,450,293,Sold,,,http://www.redfin.com/CA/Oakland/424-Orange-St-94610/unit-103/home/1076527,EBRD/CCAR/Bay East,40722087,N,Y,37.8172041,-122.2539603
PAST SALE,May-20-2015,Condo/Co-op,425 ORANGE St #206,Oakland,CA,94610,350000,1,1.0,Upper Adams Pt,644,,1966,752,543,460,Sold,,,http://www.redfin.com/CA/Oakland/425-Orange-St-94610/unit-206/home/1352522,EBRD/CCAR/Bay East,40693604,N,Y,37.8176737,-122.2543009
PAST SALE,November-23-2016,Condo/Co-op,425 Orange #211,Oakland,CA,94610,387000,1,1.0,Adams Point,535,,1966,199,723,459,Sold,,,http://www.redfin.com/CA/Oakland/425-Orange-St-94610/unit-211/home/525810,EBRD/CCAR/Bay East,40760674,N,Y,37.8176737,-122.2543009
PAST SALE,March-30-2016,Condo/Co-op,385 JAYNE Ave #206,Oakland,CA,94610,345000,1,1.0,Adams Point,670,23750,1970,437,515,359,Sold,,,http://www.redfin.com/CA/Oakland/385-Jayne-Ave-94610/unit-206/home/999388,EBRD/CCAR/Bay East,40709050,N,Y,37.81463,-122.2541822
PAST SALE,July-8-2015,Single Family Residential,405 VAN BUREN Ave,Oakland,CA,94610,1350000,3,2.5,Adams Point,2491,5000,1911,703,542,,Sold,,,http://www.redfin.com/CA/Oakland/405-Van-Buren-Ave-94610/home/526422,EBRD/CCAR/Bay East,40702510,N,Y,37.8103625,-122.253327
PAST SALE,,Condo/Co-op,424 Staten Ave Apt 107,Oakland,CA,94610,540000,2,2.0,,1038,,1963,,520,,,,,http://www.redfin.com/CA/Oakland/424-Staten-Ave-94610/unit-107/home/999537,,,N,Y,37.8096498,-122.253389
PAST SALE,,Multi-Family (2-4 Unit),415 Adams St,Oakland,CA,94610,2500000,17,9.0,,6525,4700,1962,,383,,,,,http://www.redfin.com/CA/Oakland/415-Adams-St-94610/home/569901,,,N,Y,37.8160909,-122.2534523
PAST SALE,April-22-2016,Condo/Co-op,155 PEARL St #103,Oakland,CA,94611,460000,2,1.0,Adams Point,859,,1973,414,536,399,Sold,,,http://www.redfin.com/CA/Oakland/155-Pearl-St-94611/unit-103/home/1924376,EBRD/CCAR/Bay East,40732337,N,Y,37.8172992,-122.2554876
PAST SALE,June-10-2016,Single Family Residential,309 WARWICK Ave,Oakland,CA,94610,1315000,3,2.0,Oakland,2553,4879,1908,365,515,,Sold,,,http://www.redfin.com/CA/Oakland/309-Warwick-Ave-94610/home/1755977,EBRD/CCAR/Bay East,40740714,N,Y,37.813016,-122.25509
PAST SALE,May-26-2015,Condo/Co-op,398 ADAMS St #304,Oakland,CA,94610,335000,1,1.0,Adams Point,830,,1966,746,404,336,Sold,,,http://www.redfin.com/CA/Oakland/398-Adams-St-94610/unit-304/home/1605695,EBRD/CCAR/Bay East,40692769,N,Y,37.8152946,-122.2537917
PAST SALE,November-5-2014,Condo/Co-op,375 JAYNE Ave #102,Oakland,CA,94610-3348,305000,1,1.0,Adams Point,797,,1970,948,383,377,Sold,,,http://www.redfin.com/CA/Oakland/375-Jayne-Ave-94610/unit-102/home/525713,EBRD/CCAR/Bay East,40676581,N,Y,37.8144061,-122.2545934
PAST SALE,March-6-2015,Condo/Co-op,375 JAYNE Ave #402,Oakland,CA,94610-3358,530000,2,1.5,Adams Point,1286,,1970,827,412,440,Sold,,,http://www.redfin.com/CA/Oakland/375-Jayne-Ave-94610/unit-402/home/549059,EBRD/CCAR/Bay East,40685804,N,Y,37.8144061,-122.2545934
PAST SALE,March-27-2015,Condo/Co-op,377 PALM Ave #106,Oakland,CA,94610-3356,369000,1,1.0,Lake Merritt,603,,1970,806,612,367,Sold,,,http://www.redfin.com/CA/Oakland/377-Palm-Ave-94610/unit-106/home/1855057,EBRD/CCAR/Bay East,40686699,N,Y,37.812781,-122.2536387
PAST SALE,August-20-2014,Condo/Co-op,424 ORANGE St #301,Oakland,CA,94610-2925,264000,1,1.0,Adams Point,608,,1973,1025,434,239,Sold,,,http://www.redfin.com/CA/Oakland/424-Orange-St-94610/unit-301/home/525759,EBRD/CCAR/Bay East,40652184,N,Y,37.8172041,-122.2539603
PAST SALE,,Condo/Co-op,565 Bellevue Ave Apt 2608,Oakland,CA,94610,650000,2,2.0,,1284,,1969,,506,,,,,http://www.redfin.com/CA/Oakland/565-Bellevue-Ave-94610/unit-2608/home/1570285,,,N,Y,37.8078112,-122.2557781
PAST SALE,August-16-2016,Single Family Residential,552 MIRA VISTA Ave,Oakland,CA,94610,1075000,2,1.0,Grand Lake/ Rose,1907,5400,1938,298,564,,Sold,,,http://www.redfin.com/CA/Oakland/552-Mira-Vista-Ave-94610/home/526334,EBRD/CCAR/Bay East,40746580,N,Y,37.816294,-122.247458
PAST SALE,December-31-2015,Condo/Co-op,466 CRESCENT St #319,Oakland,CA,94610,552000,2,2.0,Grand Lake,1030,,1971,527,536,373,Sold,,,http://www.redfin.com/CA/Oakland/466-Crescent-St-94610/unit-319/home/102067203,EBRD/CCAR/Bay East,40722815,N,Y,37.8133361,-122.2497898
PAST SALE,January-13-2015,Condo/Co-op,555 JEAN St #319,Oakland,CA,94610-1903,390000,2,1.0,Grand Lake,802,,1981,879,486,359,Sold,,,http://www.redfin.com/CA/Oakland/555-Jean-St-94610/unit-319/home/1981032,EBRD/CCAR/Bay East,40681699,N,Y,37.817513,-122.248561
PAST SALE,,Condo/Co-op,758 Kingston Ave Apt 305,Oakland,CA,94611,318000,1,1.0,,826,,1965,,385,,,,,http://www.redfin.com/CA/Oakland/758-Kingston-Ave-94611/unit-305/home/771169,,,N,Y,37.823066,-122.249466
PAST SALE,May-12-2016,Multi-Family (2-4 Unit),150 Moss Way,Oakland,CA,94611,1100000,4,5.0,Oakland,2203,3392,1912,394,499,,Sold,,,http://www.redfin.com/CA/Oakland/150-Moss-Way-94611/home/527683,EBRD/CCAR/Bay East,40729138,N,Y,37.821949,-122.25432
PAST SALE,August-18-2016,Single Family Residential,4262 GILBERT St,Oakland,CA,94611,1375000,3,1.5,Piedmont Avenue,1860,4680,1931,296,739,,Sold,,,http://www.redfin.com/CA/Oakland/4262-Gilbert-St-94611/home/1340309,EBRD/CCAR/Bay East,40743207,N,Y,37.8303485,-122.2520095
PAST SALE,June-16-2016,Condo/Co-op,4501 HOWE St #2,Oakland,CA,94611,585000,2,1.0,Piedmont Avenue,,,1971,359,,220,Sold,,,http://www.redfin.com/CA/Oakland/4501-Howe-St-94611/unit-2/home/997430,EBRD/CCAR/Bay East,40740471,N,Y,37.832458,-122.246586
PAST SALE,February-9-2015,Condo/Co-op,2005 Pleasant Valley Ave #204,Oakland,CA,94611,302000,1,1.0,Oakland,695,,1975,852,435,285,Sold,,,http://www.redfin.com/CA/Oakland/2005-Pleasant-Valley-Ave-94611/unit-204/home/113379900,San Francisco MLS,427321,N,Y,37.8335301,-122.2513498
PAST SALE,,Condo/Co-op,127 Bayo Vista Ave Apt 207,Oakland,CA,94611,325000,1,1.0,,799,,1972,,407,,,,,http://www.redfin.com/CA/Oakland/127-Bayo-Vista-Ave-94611/unit-207/home/1986271,,,N,Y,37.8212509,-122.250822
PAST SALE,January-18-2017,Condo/Co-op,3750 Harrison St #202,Oakland,CA,94611,472000,2,2.0,Oakland,1133,,1966,143,417,365,Sold,,,http://www.redfin.com/CA/Oakland/3750-Harrison-St-94611/unit-202/home/1542284,EBRD/CCAR/Bay East,40765513,N,Y,37.8204502,-122.2527473
PAST SALE,October-21-2015,Condo/Co-op,150 PEARL St #106,Oakland,CA,94611,335000,1,1.0,Adams Point,623,,1973,598,538,407,Sold,,,http://www.redfin.com/CA/Oakland/150-Pearl-St-94611/unit-106/home/1531690,EBRD/CCAR/Bay East,40711565,N,Y,37.817639,-122.254992
PAST SALE,June-9-2015,Single Family Residential,163 PERRY Pl,Oakland,CA,94610,710000,4,2.0,Adams Point,2831,4000,1928,732,251,,Sold,,,http://www.redfin.com/CA/Oakland/163-Perry-Pl-94610/home/912408,EBRD/CCAR/Bay East,40691035,N,Y,37.818168,-122.254001
PAST SALE,,Condo/Co-op,590 El Dorado Ave Unit 304,Oakland,CA,94611,465000,1,1.0,,803,,1972,,579,,,,,http://www.redfin.com/CA/Oakland/590-El-Dorado-Ave-94611/unit-304/home/1605591,,,N,Y,37.8216303,-122.2525136
PAST SALE,October-21-2016,Condo/Co-op,127 BAYO VISTA Ave #201,Oakland,CA,94611,469000,2,1.0,Piedmont Avenue,1013,,1972,232,463,333,Sold,,,http://www.redfin.com/CA/Oakland/127-Bayo-Vista-Ave-94611/unit-201/home/2025400,EBRD/CCAR/Bay East,40746767,N,Y,37.8212509,-122.250822
PAST SALE,,Condo/Co-op,3750 Harrison St Apt 103,Oakland,CA,94611,329000,1,1.0,,768,,1966,,428,,,,,http://www.redfin.com/CA/Oakland/3750-Harrison-St-94611/unit-103/home/526059,,,N,Y,37.8204502,-122.2527473
PAST SALE,,Multi-Family (2-4 Unit),550 Fairmount Ave,Oakland,CA,94611,1750000,14,10.0,,6632,6900,1963,,264,,,,,http://www.redfin.com/CA/Oakland/550-Fairmount-Ave-94611/home/1935925,,,N,Y,37.8215888,-122.2541883
PAST SALE,January-20-2017,Condo/Co-op,666 Oakland Ave #203,Oakland,CA,94611,595000,2,1.0,Rose Garden Area,1011,99,1965,141,589,334,Sold,,,http://www.redfin.com/CA/Oakland/666-Oakland-Ave-94611/unit-203/home/1711084,EBRD/CCAR/Bay East,40765537,N,Y,37.8206369,-122.249828
PAST SALE,,Condo/Co-op,590 El Dorado Ave Unit 315,Oakland,CA,94611,605000,2,2.0,,1216,,1972,,498,,,,,http://www.redfin.com/CA/Oakland/590-El-Dorado-Ave-94611/unit-315/home/676508,,,N,Y,37.8216303,-122.2525136
PAST SALE,May-16-2016,Condo/Co-op,625 EL DORADO Ave #207,Oakland,CA,94611,565000,2,1.0,Piedmont Avenue,845,,1970,390,669,479,Sold,,,http://www.redfin.com/CA/Oakland/625-El-Dorado-Ave-94611/unit-207/home/1355498,EBRD/CCAR/Bay East,40733203,N,Y,37.8222757,-122.2520951
PAST SALE,July-30-2015,Condo/Co-op,651 OAKLAND Ave Unit 3B,Oakland,CA,94611,620000,2,2.0,Rose Garden,1082,,1967,681,573,382,Sold,,,http://www.redfin.com/CA/Oakland/651-Oakland-Ave-94611/unit-3B/home/1494894,EBRD/CCAR/Bay East,40704846,N,Y,37.821097,-122.2501214
PAST SALE,July-13-2015,Condo/Co-op,424 ORANGE St #208,Oakland,CA,94610,315000,1,1.0,Adams Point,640,,1973,698,492,291,Sold,,,http://www.redfin.com/CA/Oakland/424-Orange-St-94610/unit-208/home/1754229,EBRD/CCAR/Bay East,40693789,N,Y,37.8172041,-122.2539603
PAST SALE,July-15-2016,Condo/Co-op,22 MOSS Ave #212,Oakland,CA,94610,540000,2,2.0,Rose Garden,1159,1159,1965,330,466,420,Sold,,,http://www.redfin.com/CA/Oakland/22-Moss-Ave-94610/unit-212/home/1890779,EBRD/CCAR/Bay East,40740456,N,Y,37.818934,-122.2509746
PAST SALE,August-10-2016,Condo/Co-op,323 MONTE VISTA Ave #111,Oakland,CA,94611,601000,2,1.0,Piedmont Avenue,851,24884,1967,304,706,395,Sold,,,http://www.redfin.com/CA/Oakland/323-Monte-Vista-Ave-94611/unit-111/home/1951717,EBRD/CCAR/Bay East,40749367,N,Y,37.8223854,-122.2500914
PAST SALE,,Condo/Co-op,590 El Dorado Ave,Oakland,CA,94611,550000,2,2.0,,1216,,1972,,452,,,,,http://www.redfin.com/CA/Oakland/590-El-Dorado-Ave-94611/home/526052,,,N,Y,37.8216303,-122.2525136
PAST SALE,February-19-2016,Single Family Residential,567 VERNON St,Oakland,CA,94610,860000,4,3.0,Grand Lake/ Rose,2391,3900,1926,477,360,,Sold,,,http://www.redfin.com/CA/Oakland/567-Vernon-St-94610/home/526131,EBRD/CCAR/Bay East,40720146,Y,Y,37.8186152,-122.2502703
PAST SALE,October-22-2014,Condo/Co-op,127 BAYO VISTA Ave #101,Oakland,CA,94611-4549,322000,2,1.0,Piedmont Avenue,1013,,1972,962,318,295,Sold,,,http://www.redfin.com/CA/Oakland/127-Bayo-Vista-Ave-94611/unit-101/home/526061,EBRD/CCAR/Bay East,40671753,N,Y,37.8212509,-122.250822
PAST SALE,August-9-2016,Single Family Residential,571 EL DORADO Ave,Oakland,CA,94611,900000,3,1.5,Lindavista Ter.,2085,6048,1909,305,432,,Sold,,,http://www.redfin.com/CA/Oakland/571-El-Dorado-Ave-94611/home/1924622,EBRD/CCAR/Bay East,40746531,N,Y,37.821992,-122.253076
PAST SALE,November-16-2016,Single Family Residential,37 RIO VISTA Ave,Oakland,CA,94611,982670,4,3.0,Piedmont Avenue,1949,4000,1914,206,504,,Sold,,,http://www.redfin.com/CA/Oakland/37-Rio-Vista-Ave-94611/home/1285367,EBRD/CCAR/Bay East,40747773,N,Y,37.8236753,-122.2543718
PAST SALE,,Condo/Co-op,425 Orange St Apt 205,Oakland,CA,94610,339000,1,1.0,,541,,1966,,627,,,,,http://www.redfin.com/CA/Oakland/425-Orange-St-94610/unit-205/home/1935839,,,N,Y,37.8176737,-122.2543009
PAST SALE,June-9-2016,Condo/Co-op,567 OAKLAND Ave #201,Oakland,CA,94611,510000,2,2.0,Bay O Vista,936,,1970,366,545,417,Sold,,,http://www.redfin.com/CA/Oakland/567-Oakland-Ave-94611/unit-201/home/1807976,EBRD/CCAR/Bay East,40740380,N,Y,37.8205451,-122.2519359
PAST SALE,May-5-2016,Condo/Co-op,771 Kingston Ave #104,Oakland,CA,94611,620100,2,2.0,Piedmont Avenue,1234,,1970,401,503,318,Sold,,,http://www.redfin.com/CA/Piedmont/771-Kingston-Ave-94611/unit-104/home/1077023,EBRD/CCAR/Bay East,40731824,N,Y,37.823979,-122.2493785
PAST SALE,,Condo/Co-op,590 El Dorado Ave,Oakland,CA,94611,452000,1,1.0,,803,,1972,,563,,,,,http://www.redfin.com/CA/Oakland/590-El-Dorado-Ave-94611/home/1431454,,,N,Y,37.8216303,-122.2525136
PAST SALE,December-23-2015,Single Family Residential,597 FAIRMOUNT Ave,Oakland,CA,94611,980000,3,1.5,Piedmont Avenue,1273,3420,1908,535,770,,Sold,,,http://www.redfin.com/CA/Oakland/597-Fairmount-Ave-94611/home/527225,EBRD/CCAR/Bay East,40724123,Y,Y,37.822197,-122.253939
PAST SALE,April-29-2016,Condo/Co-op,590 EL DORADO Ave #304,Oakland,CA,94611,465000,1,1.0,Piedmont Avenue,803,,1972,407,579,328,Sold,,,http://www.redfin.com/CA/Oakland/590-El-Dorado-Ave-94611/unit-304/home/104099072,EBRD/CCAR/Bay East,40731865,N,Y,37.8216303,-122.2525136
PAST SALE,September-18-2015,Condo/Co-op,425 Orange St #217,Oakland,CA,94610,443000,2,2.0,Oakland,948,,1966,631,467,521,Sold,,,http://www.redfin.com/CA/Oakland/425-Orange-St-94610/unit-217/home/1605721,EBRD/CCAR/Bay East,40712146,N,Y,37.8176737,-122.2543009
PAST SALE,April-1-2015,Condo/Co-op,407 ORANGE St #307,Oakland,CA,94610,365000,1,1.0,Adams Point,945,,1970,801,386,439,Sold,,,http://www.redfin.com/CA/Oakland/407-Orange-St-94610/unit-307/home/525766,EBRD/CCAR/Bay East,40688637,N,Y,37.8172922,-122.2548817
PAST SALE,July-30-2014,Condo/Co-op,407 ORANGE St #209,Oakland,CA,94610-2924,360000,2,2.0,Adams Point,,,1970,1046,,531,Sold,,,http://www.redfin.com/CA/Oakland/407-Orange-St-94610/unit-209/home/1890713,EBRD/CCAR/Bay East,40656963,N,Y,37.8172922,-122.2548817
PAST SALE,May-28-2015,Condo/Co-op,407 ORANGE St #212,Oakland,CA,94610,390000,1,1.0,Adams Point,967,,1970,744,403,444,Sold,,,http://www.redfin.com/CA/Oakland/407-Orange-St-94610/unit-212/home/2040054,EBRD/CCAR/Bay East,40694515,N,Y,37.8172922,-122.2548817
PAST SALE,,Condo/Co-op,3768 Harrison St Apt 204,Oakland,CA,94611,360000,1,1.0,,936,,1971,,385,,,,,http://www.redfin.com/CA/Oakland/3768-Harrison-St-94611/unit-204/home/526099,,,N,Y,37.8206037,-122.2525431
PAST SALE,October-23-2015,Condo/Co-op,10 MOSS Ave #19,Oakland,CA,94610,450000,2,1.0,Grand Lake/ Rose,761,,1965,596,591,215,Sold,,,http://www.redfin.com/CA/Oakland/10-Moss-Ave-94610/unit-19/home/526120,EBRD/CCAR/Bay East,40715841,N,Y,37.8187041,-122.2507584
PAST SALE,October-28-2015,Condo/Co-op,425 ORANGE St #315,Oakland,CA,94610,370000,1,1.0,Adams Point,559,,1966,591,662,424,Sold,,,http://www.redfin.com/CA/Oakland/425-Orange-St-94610/unit-315/home/525782,EBRD/CCAR/Bay East,40715450,N,Y,37.8176737,-122.2543009
PAST SALE,June-21-2016,Condo/Co-op,425 ORANGE St #305,Oakland,CA,94610,385000,1,1.0,Adams Point,541,,1966,354,712,459,Sold,,,http://www.redfin.com/CA/Oakland/425-Orange-St-94610/unit-305/home/784978,EBRD/CCAR/Bay East,40741445,N,Y,37.8176737,-122.2543009
PAST SALE,,Condo/Co-op,4395 Piedmont Ave Unit P208,Oakland,CA,94611,399000,1,1.0,,630,,2007,,633,,,,,http://www.redfin.com/CA/Oakland/4395-Piedmont-Ave-94611/unit-P208/home/17184981,,,N,Y,37.8302682,-122.247759
PAST SALE,August-19-2014,Condo/Co-op,398 ADAMS St #307,Oakland,CA,94610-3130,520000,2,2.0,Adams Point,1355,,1966,1026,384,326,Sold,,,http://www.redfin.com/CA/Oakland/398-Adams-St-94610/unit-307/home/525844,EBRD/CCAR/Bay East,40665032,N,Y,37.8152946,-122.2537917
PAST SALE,July-18-2014,Condo/Co-op,375 Jayne Ave #203,Oakland,CA,94610,375000,2,1.0,Adams Point,984,99,1970,1058,381,402,Sold,,,http://www.redfin.com/CA/Oakland/375-Jayne-Ave-94610/unit-203/home/1629885,EBRD/CCAR/Bay East,40659685,N,Y,37.8144061,-122.2545934
PAST SALE,,Single Family Residential,370 Oakland Ave,Oakland,CA,94611,124545,2,1.0,,1008,3390,1910,,124,,,,,http://www.redfin.com/CA/Oakland/370-Oakland-Ave-94611/home/1575452,,,N,Y,37.8169685,-122.2560112
PAST SALE,November-6-2014,Condo/Co-op,370 SANTA CLARA Ave #5,Oakland,CA,94610-2628,310000,1,1.0,Rose Garden,667,,1970,947,465,150,Sold,,,http://www.redfin.com/CA/Oakland/370-Santa-Clara-Ave-94610/unit-5/home/2017001,EBRD/CCAR/Bay East,40675642,N,Y,37.8136688,-122.2480372
PAST SALE,January-31-2015,Condo/Co-op,401 Monte Vista Ave #206,Oakland,CA,94611,290000,1,1.0,Piedmont Border,596,999999,1971,861,487,175,Sold,,,http://www.redfin.com/CA/Oakland/401-Monte-Vista-Ave-94611/unit-U-206/home/865386,EBRD/CCAR/Bay East,40678860,N,Y,37.8217583,-122.2489733
PAST SALE,November-16-2015,Condo/Co-op,4101 Howe St #402,Oakland,CA,94611,592000,2,1.0,Piedmont,992,,1966,572,597,420,Sold,,,http://www.redfin.com/CA/Oakland/4101-Howe-St-94611/unit-402/home/1340170,EBRD/CCAR/Bay East,40709096,N,Y,37.827435,-122.253259
PAST SALE,,Condo/Co-op,758 Kingston Ave #39,Oakland,CA,94611,320000,1,1.0,,567,,1965,,564,,,,,http://www.redfin.com/CA/Oakland/758-Kingston-Ave-94611/unit-39/home/527322,,,N,Y,37.823066,-122.249466
PAST SALE,March-10-2017,Single Family Residential,1 Ronada Ave,Oakland,CA,94611,1645000,5,3.0,Piedmont/Grand,4042,5940,1923,92,407,,Sold,,,http://www.redfin.com/CA/Piedmont/1-Ronada-Ave-94611/home/1605854,EBRD/CCAR/Bay East,40768676,N,Y,37.8287043,-122.2445641
PAST SALE,December-30-2016,Condo/Co-op,455 Crescent St #113,Oakland,CA,94610,310000,0,1.0,Grand Lake,504,,1968,162,615,373,Sold,,,http://www.redfin.com/CA/Oakland/455-Crescent-St-94610/unit-113/home/1913185,EBRD/CCAR/Bay East,40761467,N,Y,37.8140454,-122.2501672
PAST SALE,August-29-2014,Condo/Co-op,3945 HARRISON St #1,Oakland,CA,94611-4536,400000,2,2.0,Piedmont Avenue,1188,,1962,1016,337,327,Sold,,,http://www.redfin.com/CA/Oakland/3945-Harrison-St-94611/unit-1/home/103463651,EBRD/CCAR/Bay East,40664537,N,Y,37.8221352,-122.2495825
PAST SALE,February-23-2015,Multi-Family (2-4 Unit),512 Glenview Ave,Oakland,CA,94610,975000,4,4.5,Oakland,3741,5454,1905,838,261,,Sold,,,http://www.redfin.com/CA/Oakland/512-Oakland-Ave-94611/home/1361677,EBRD/CCAR/Bay East,40669652,N,Y,37.819148,-122.252903
PAST SALE,July-16-2014,Single Family Residential,552 Vernon,Oakland,CA,94610-1426,980000,4,2.5,Rose Garden,3430,5280,1898,1060,286,,Sold,,,http://www.redfin.com/CA/Oakland/552-Vernon-St-94610/home/56216702,EBRD/CCAR/Bay East,40659801,N,Y,37.8182174,-122.2503689
PAST SALE,June-23-2016,Condo/Co-op,4141 Piedmont Ave #101,Oakland,CA,94611,429000,1,1.0,Piedmont Avenue,625,6250,1974,352,686,396,Sold,,,http://www.redfin.com/CA/Oakland/4141-Piedmont-Ave-94611/unit-101/home/840876,EBRD/CCAR/Bay East,40740605,N,Y,37.827171,-122.25188
PAST SALE,August-19-2016,Condo/Co-op,386 EUCLID Ave,Oakland,CA,94610,560000,2,1.5,Adams Point,1349,8400,1913,295,415,204,Sold,,,http://www.redfin.com/CA/Oakland/386-Euclid-Ave-94610/home/108592043,EBRD/CCAR/Bay East,40754218,N,Y,37.811662,-122.2514818
PAST SALE,December-5-2014,Multi-Family (2-4 Unit),6 Linda Ave,Oakland,CA,94611,1025000,,,Oakland,3677,5312,1916,918,279,,Sold,,,http://www.redfin.com/CA/Piedmont/6-Linda-Ave-94611/home/530631,EBRD/CCAR/Bay East,40675694,N,Y,37.8271781,-122.2506138
PAST SALE,June-14-2016,Condo/Co-op,1 KELTON Ct Unit 3L,Oakland,CA,94611,465000,1,1.0,Piedmont Avenue,720,49658,1974,361,646,399,Sold,,,http://www.redfin.com/CA/Oakland/1-Kelton-Ct-94611/unit-3L/home/1364934,EBRD/CCAR/Bay East,40744750,N,Y,37.8243896,-122.2508859
PAST SALE,,Multi-Family (2-4 Unit),4244 Gilbert St,Oakland,CA,94611,2150000,6,6.0,,5942,8030,1950,,362,,,,,http://www.redfin.com/CA/Oakland/4244-Gilbert-St-94611/home/1653963,,,N,Y,37.8300649,-122.2525547
PAST SALE,July-1-2016,Condo/Co-op,567 Oakland Ave #113,Oakland,CA,94611,425000,1,1.0,Bay O Vista,705,,1970,344,603,308,Sold,,,http://www.redfin.com/CA/Oakland/567-Oakland-Ave-94611/unit-113/home/1562599,EBRD/CCAR/Bay East,40736830,N,Y,37.8205451,-122.2519359
PAST SALE,April-19-2016,Condo/Co-op,567 OAKLAND Ave #112,Oakland,CA,94611,452000,2,2.0,Bay O Vista,900,,1970,417,502,417,Sold,,,http://www.redfin.com/CA/Oakland/567-Oakland-Ave-94611/unit-112/home/1364427,EBRD/CCAR/Bay East,40733053,N,Y,37.8205451,-122.2519359
PAST SALE,November-18-2014,Single Family Residential,3801 CERRITO Ave,Oakland,CA,94611-5619,730000,3,2.0,Piedmont Avenue,1069,3267,1911,935,683,,Sold,,,http://www.redfin.com/CA/Oakland/3801-Cerrito-Ave-94611/home/1508072,EBRD/CCAR/Bay East,40677779,N,Y,37.8258507,-122.2563298
PAST SALE,July-31-2014,Single Family Residential,4109 TERRACE St,Oakland,CA,94611-5125,740000,3,2.0,Piedmont Avenue,1755,3162,1909,1045,422,,Sold,,,http://www.redfin.com/CA/Oakland/4109-Terrace-St-94611/home/1974244,EBRD/CCAR/Bay East,40662671,N,Y,37.828682,-122.255196
PAST SALE,March-9-2015,Condo/Co-op,666 OAKLAND Ave #303,Oakland,CA,94611-4518,380000,1,1.0,Piedmont Avenue,703,,1965,824,541,299,Sold,,,http://www.redfin.com/CA/Oakland/666-Oakland-Ave-94611/unit-303/home/1868762,EBRD/CCAR/Bay East,40685718,N,Y,37.8206369,-122.249828
PAST SALE,June-24-2014,Condo/Co-op,565 BELLEVUE Ave #1401,Oakland,CA,94610,450000,1,2.0,Oakland,860,18700,1969,1082,523,595,Sold,,,http://www.redfin.com/CA/Oakland/565-Bellevue-Ave-94610/unit-1401/home/1617799,MLSListings,ML81417162,N,Y,37.8078112,-122.2557781
PAST SALE,,Multi-Family (2-4 Unit),415 Euclid Ave Apt 2,Oakland,CA,94610,515000,4,4.0,,4190,6250,1913,,123,,,,,http://www.redfin.com/CA/Oakland/415-Euclid-Ave-94610/unit-2/home/526428,,,N,Y,37.8101571,-122.2517481
PAST SALE,February-3-2015,Condo/Co-op,398 ADAMS St #206,Oakland,CA,94610-3130,459000,2,2.0,Adams Point,1332,,1966,858,345,326,Sold,,,http://www.redfin.com/CA/Oakland/398-Adams-St-94610/unit-206/home/1890696,EBRD/CCAR/Bay East,40677518,N,Y,37.8152946,-122.2537917
PAST SALE,June-7-2016,Condo/Co-op,377 PALM Ave #305,Oakland,CA,94610,535000,2,1.0,Adams Point,825,,1970,368,648,405,Sold,,,http://www.redfin.com/CA/Oakland/377-Palm-Ave-94610/unit-305/home/1515596,EBRD/CCAR/Bay East,40738150,N,Y,37.812781,-122.2536387
PAST SALE,March-30-2016,Condo/Co-op,360 VERNON St #207,Oakland,CA,94610,575000,2,1.0,Adams Point,812,8000,1961,437,708,392,Sold,,,http://www.redfin.com/CA/Oakland/360-Vernon-St-94610/unit-207/home/1698212,EBRD/CCAR/Bay East,40731712,N,Y,37.8157562,-122.254664
PAST SALE,November-17-2015,Condo/Co-op,466 CRESCENT St #114,Oakland,CA,94610,575000,3,2.0,Grand Lake,1367,,1971,571,421,373,Sold,,,http://www.redfin.com/CA/Oakland/466-Crescent-St-94610/unit-114/home/28691020,EBRD/CCAR/Bay East,40712717,N,Y,37.8133361,-122.2497898
PAST SALE,September-30-2015,Single Family Residential,312 WARWICK Ave,Oakland,CA,94610,1320000,4,3.5,Adams Point,2826,6500,1910,619,467,,Sold,,,http://www.redfin.com/CA/Oakland/312-Warwick-Ave-94610/home/785144,EBRD/CCAR/Bay East,40711715,N,Y,37.812602,-122.254719
PAST SALE,June-5-2015,Single Family Residential,390 EUCLID Ave,Oakland,CA,94610,1880000,11,5.0,Adams Point,6187,8400,1910,736,304,,Sold,,,http://www.redfin.com/CA/Oakland/390-Euclid-Ave-94610/home/1981025,EBRD/CCAR/Bay East,40694078,N,Y,37.8115094,-122.2514072
PAST SALE,June-17-2014,Condo/Co-op,389 BELMONT St #307,Oakland,CA,94610-4820,500000,2,2.5,Adams Point,1380,21300,1983,1089,362,387,Sold,,,http://www.redfin.com/CA/Oakland/389-Belmont-St-94610/unit-307/home/1854989,EBRD/CCAR/Bay East,40651079,N,Y,37.8094309,-122.254253
PAST SALE,,Condo/Co-op,398 Adams St Apt 205,Oakland,CA,94610,375000,1,1.0,,796,,1966,,471,,,,,http://www.redfin.com/CA/Oakland/398-Adams-St-94610/unit-205/home/1890693,,,N,Y,37.8152946,-122.2537917
PAST SALE,,Condo/Co-op,375 Jayne Ave,Oakland,CA,94610,395000,1,1.0,,694,,1970,,569,,,,,http://www.redfin.com/CA/Oakland/375-Jayne-Ave-94610/home/1605478,,,N,Y,37.8144061,-122.2545934
PAST SALE,July-27-2016,Multi-Family (2-4 Unit),379 Staten Ave,Oakland,CA,94610,1305000,3,2.0,Adams Point,2222,4346,1912,318,587,,Sold,,,http://www.redfin.com/CA/Oakland/379-Staten-Ave-94610/home/2040083,EBRD/CCAR/Bay East,40742937,Y,Y,37.8111159,-122.2541281
PAST SALE,May-29-2015,Single Family Residential,498 JEAN St,Oakland,CA,94610,780000,3,2.0,Grand Lake,1487,3150,1915,743,525,,Sold,,,http://www.redfin.com/CA/Oakland/498-Jean-St-94610/home/526238,EBRD/CCAR/Bay East,40695090,N,Y,37.815687,-122.2494992
PAST SALE,November-3-2015,Single Family Residential,399 JAYNE Ave,Oakland,CA,94610,589000,2,1.0,Adams Point,1801,3150,1923,585,327,,Sold,,,http://www.redfin.com/CA/Oakland/399-Jayne-Ave-94610/home/1627331,EBRD/CCAR/Bay East,40693430,N,Y,37.8149119,-122.2534409
PAST SALE,July-27-2015,Condo/Co-op,,Oakland,CA,94610,380000,2,2.0,Grand Lake,792,,1968,684,480,352,Sold,,,http://www.redfin.com/CA/Oakland/Undisclosed-address-94610/home/1669916,EBRD/CCAR/Bay East,40693485,N,Y,37.8140454,-122.2501672
PAST SALE,July-20-2015,Condo/Co-op,455 CRESCENT St #203,Oakland,CA,94610,300000,1,1.0,Crescent Circle,672,,1968,691,446,352,Sold,,,http://www.redfin.com/CA/Oakland/455-Crescent-St-94610/unit-203/home/1998939,EBRD/CCAR/Bay East,40700949,N,Y,37.8140454,-122.2501672
PAST SALE,April-29-2016,Condo/Co-op,350 PERKINS St #109,Oakland,CA,94610,661000,2,2.0,Lake Merritt,981,,1962,407,674,320,Sold,,,http://www.redfin.com/CA/Oakland/350-Perkins-St-94610/unit-109/home/1773959,EBRD/CCAR/Bay East,40735472,N,Y,37.8119951,-122.2549647
PAST SALE,September-25-2014,Condo/Co-op,321 WARWICK Ave #301,Oakland,CA,94610-3326,340000,1,1.0,Adams Point,718,,1966,989,474,356,Sold,,,http://www.redfin.com/CA/Oakland/321-Warwick-Ave-94610/unit-301/home/1983829,EBRD/CCAR/Bay East,40670168,N,Y,37.8132426,-122.2547244
PAST SALE,August-20-2015,Condo/Co-op,466 Crescent St #314,Oakland,CA,94610,610000,3,2.0,Grand Lake,1367,,1971,660,446,373,Sold,,,http://www.redfin.com/CA/Oakland/466-Crescent-St-94610/unit-314/home/59712855,EBRD/CCAR/Bay East,40706608,N,Y,37.8133361,-122.2497898
PAST SALE,March-2-2016,Condo/Co-op,460 Crescent St #224,OAKLAND,CA,94610,275000,1,1.0,OAKLAND,629,,1971,465,437,301,Sold,,,http://www.redfin.com/CA/Oakland/460-Crescent-St-94610/unit-224/home/1364586,MLSListings,ML81561841,N,Y,37.8132869,-122.2498653
PAST SALE,September-21-2016,Condo/Co-op,385 JAYNE Ave #402,Oakland,CA,94610,835000,2,2.0,Adams Point,1256,,1970,262,665,449,Sold,,,http://www.redfin.com/CA/Oakland/385-Jayne-Ave-94610/unit-402/home/616538,EBRD/CCAR/Bay East,40753209,N,Y,37.81463,-122.2541822
PAST SALE,,Multi-Family (2-4 Unit),305 MacArthur Blvd,Oakland,CA,94610,600000,8,4.0,,4797,10000,1918,,125,,,,,http://www.redfin.com/CA/Oakland/305-MacArthur-Blvd-94610/home/526318,,,N,Y,37.8143893,-122.2518304
PAST SALE,November-29-2016,Condo/Co-op,260 PERKINS St Unit 3E,Oakland,CA,94610,479000,2,1.0,Adams Point,757,,1991,193,633,349,Sold,,,http://www.redfin.com/CA/Oakland/260-Perkins-St-94610/unit-3E/home/942246,EBRD/CCAR/Bay East,40760054,N,Y,37.8144744,-122.2549563
PAST SALE,,Multi-Family (2-4 Unit),382 Adams St,Oakland,CA,94610,7540000,33,30.0,,24027,12500,1974,,314,,,,,http://www.redfin.com/CA/Oakland/382-Adams-St-94610/home/1431408,,,N,Y,37.8149815,-122.2542752
PAST SALE,June-3-2016,Condo/Co-op,492 STATEN Ave #203,Oakland,CA,94610,1100000,2,2.0,Grand Lake,1550,,1929,372,710,1285,Sold,,,http://www.redfin.com/CA/Oakland/492-Staten-Ave-94610/unit-203/home/1627320,EBRD/CCAR/Bay East,40738211,N,Y,37.807952,-122.2537328
PAST SALE,November-1-2016,Condo/Co-op,492 STATEN Ave #1002,Oakland,CA,94610,875000,1,1.0,Lake Merritt,1160,,1929,221,754,1348,Sold,,,http://www.redfin.com/CA/Oakland/492-Staten-Ave-94610/unit-1002/home/1664789,EBRD/CCAR/Bay East,40754113,N,Y,37.807952,-122.2537328
PAST SALE,July-30-2014,Condo/Co-op,260 PERKINS St Unit 3D,Oakland,CA,94610-3325,250000,0,1.0,Lake Merritt,510,,1991,1046,490,228,Sold,,,http://www.redfin.com/CA/Oakland/260-Perkins-St-94610/unit-3D/home/1664862,EBRD/CCAR/Bay East,40658283,N,Y,37.8144744,-122.2549563
PAST SALE,November-8-2016,Single Family Residential,370 Euclid,Oakland,CA,94610,1258000,4,2.0,Grand Lake,2273,7000,1915,214,553,,Sold,,,http://www.redfin.com/CA/Oakland/370-Euclid-Ave-94610/home/908216,EBRD/CCAR/Bay East,40759080,N,Y,37.8122061,-122.2517247
PAST SALE,August-19-2016,Condo/Co-op,398 ADAMS St #201,Oakland,CA,94610,490000,1,1.0,Adams Point,778,778,1966,295,630,370,Sold,,,http://www.redfin.com/CA/Oakland/398-Adams-St-94610/unit-201/home/525842,EBRD/CCAR/Bay East,40747979,N,Y,37.8152946,-122.2537917
PAST SALE,December-27-2016,Multi-Family (2-4 Unit),165 Santa Rosa Ave,Oakland,CA,94610,1476000,6,5.0,Oakland,4317,11250,1903,165,342,,Sold,,,http://www.redfin.com/CA/Oakland/165-Santa-Rosa-Ave-94610/home/1531720,EBRD/CCAR/Bay East,40763037,N,Y,37.8198688,-122.25112
PAST SALE,October-20-2015,Single Family Residential,592 MIRA VISTA Ave,Oakland,CA,94610,892000,2,2.0,Grand Lake,,4365,1924,599,,,Sold,,,http://www.redfin.com/CA/Oakland/592-Mira-Vista-Ave-94610/home/1397261,EBRD/CCAR/Bay East,40714694,Y,Y,37.8165015,-122.2471267
PAST SALE,September-23-2016,Condo/Co-op,651 OAKLAND Ave Unit 2G,Oakland,CA,94611,395000,1,1.0,Piedmont/Grand,624,,1967,260,633,336,Sold,,,http://www.redfin.com/CA/Oakland/651-Oakland-Ave-94611/unit-2G/home/108521042,EBRD/CCAR/Bay East,40752327,N,Y,37.821097,-122.2501214
PAST SALE,,Condo/Co-op,4101 Howe St Apt 301,Oakland,CA,94611,630000,2,2.0,,1104,,1966,,571,,,,,http://www.redfin.com/CA/Oakland/4101-Howe-St-94611/unit-301/home/527483,,,N,Y,37.827435,-122.253259
PAST SALE,,Condo/Co-op,288 Whitmore St Apt 301,Oakland,CA,94611,271000,1,1.0,,530,,1976,,511,,,,,http://www.redfin.com/CA/Oakland/288-Whitmore-St-94611/unit-301/home/1888207,,,N,Y,37.8337027,-122.2520389
PAST SALE,,Condo/Co-op,771 Kingston Ave Apt 206,Piedmont,CA,94611,85500,1,1.0,,756,,1970,,113,,,,,http://www.redfin.com/CA/Piedmont/771-Kingston-Ave-94611/unit-206/home/1242586,,,N,Y,37.823979,-122.2493785
PAST SALE,,Condo/Co-op,288 Whitmore St Apt 210,Oakland,CA,94611,235000,0,1.0,,450,,1976,,522,,,,,http://www.redfin.com/CA/Oakland/288-Whitmore-St-94611/unit-210/home/529014,,,N,Y,37.8337027,-122.2520389
PAST SALE,May-4-2015,Condo/Co-op,427 Lagunitas Ave #105,Oakland,CA,94610,600000,2,2.0,Adams Point,1199,8109,1967,768,500,296,Sold,,,http://www.redfin.com/CA/Oakland/427-Lagunitas-Ave-94610/unit-105/home/105426905,EBRD/CCAR/Bay East,40692162,N,Y,37.809902,-122.250247
PAST SALE,October-29-2014,Condo/Co-op,3751 HARRISON St #202,Oakland,CA,94611-5036,300000,1,1.0,Piedmont Avenue,644,5625,1972,955,466,310,Sold,,,http://www.redfin.com/CA/Oakland/3751-Harrison-St-94611/unit-202/home/2035896,EBRD/CCAR/Bay East,40674205,N,Y,37.820814,-122.2531685
PAST SALE,,Condo/Co-op,427 Lagunitas Ave Apt 105,Oakland,CA,94610,658000,2,2.0,,1199,,1967,,549,,,,,http://www.redfin.com/CA/Oakland/427-Lagunitas-Ave-94610/unit-105/home/526311,,,N,Y,37.809902,-122.250247
PAST SALE,December-21-2014,Condo/Co-op,565 Bellevue Ave #1507,Oakland,CA,94610,880000,2,2.0,Lake Merritt,1243,18700,1969,902,708,734,Sold,,,http://www.redfin.com/CA/Oakland/565-Bellevue-Ave-94610/unit-1507/home/530547,EBRD/CCAR/Bay East,40679950,N,Y,37.8078112,-122.2557781
PAST SALE,November-26-2014,Condo/Co-op,500 VERNON St #216,Oakland,CA,94610-1455,290000,1,1.0,Grand Lake/ Rose,814,,1974,927,356,350,Sold,,,http://www.redfin.com/CA/Oakland/500-Vernon-St-94610/unit-216/home/727364,EBRD/CCAR/Bay East,40677524,N,Y,37.8176783,-122.2503778
PAST SALE,January-15-2015,Condo/Co-op,425 ORANGE St #209,Oakland,CA,94610-2946,243800,1,1.0,Adams Point,535,,1966,877,456,397,Sold,,,http://www.redfin.com/CA/Oakland/425-Orange-St-94610/unit-209/home/1980965,EBRD/CCAR/Bay East,40664822,N,Y,37.8176737,-122.2543009
PAST SALE,September-23-2014,Condo/Co-op,70 YOSEMITE Ave #301,Oakland,CA,94611-5323,475000,2,1.0,Oakland,947,,1982,991,502,301,Sold,,,http://www.redfin.com/CA/Oakland/70-Yosemite-Ave-94611/unit-301/home/1508003,EBRD/CCAR/Bay East,40670562,N,Y,37.822842,-122.253939
PAST SALE,March-2-2017,Condo/Co-op,758 Kingston Ave #309,Oakland,CA,94611-4456,320000,0,1.0,Piedmont,567,567,1965,100,564,366,Sold,,,http://www.redfin.com/CA/Oakland/758-Kingston-Ave-94611/unit-309/home/112941557,EBRD/CCAR/Bay East,40768058,N,Y,37.823066,-122.249466
PAST SALE,,Condo/Co-op,460 Crescent St,Oakland,CA,94610,470000,2,2.0,,1367,,1971,,344,,,,,http://www.redfin.com/CA/Oakland/460-Crescent-St-94610/home/1992248,,,N,Y,37.8132869,-122.2498653
PAST SALE,June-17-2014,Multi-Family (2-4 Unit),372 Santa Clara Ave,Oakland,CA,94610,733500,4,2.0,Oakland,2317,4059,1914,1089,317,,Sold,,,http://www.redfin.com/CA/Oakland/372-Santa-Clara-Ave-94610/home/607101,EBRD/CCAR/Bay East,40654110,N,Y,37.813558,-122.2480842
PAST SALE,January-3-2017,Condo/Co-op,3877 Howe St #304,Oakland,CA,94611,415000,1,1.0,Arcadia,684,14000,1965,158,607,361,Sold,,,http://www.redfin.com/CA/Oakland/3877-Howe-St-94611/unit-304/home/1255776,EBRD/CCAR/Bay East,40763586,N,Y,37.8261665,-122.2549678
PAST SALE,November-15-2016,Condo/Co-op,407 ORANGE St #106,Oakland,CA,94610,370000,1,1.0,Adams Point,945,,1970,207,392,461,Sold,,,http://www.redfin.com/CA/Oakland/407-Orange-St-94610/unit-106/home/525929,EBRD/CCAR/Bay East,40758281,N,Y,37.8172922,-122.2548817
PAST SALE,,Condo/Co-op,565 Bellevue Ave Apt 1506,Oakland,CA,94610,915000,2,2.0,,1243,,1969,,736,,,,,http://www.redfin.com/CA/Oakland/565-Bellevue-Ave-94610/unit-1506/home/1647784,,,N,Y,37.8078112,-122.2557781
PAST SALE,December-12-2014,Condo/Co-op,389 Belmont St #210,Oakland,CA,94610-4868,475000,2,2.0,Adams Point,1067,21300,1983,911,445,387,Sold,,,http://www.redfin.com/CA/Oakland/389-Belmont-St-94610/unit-210/home/1700901,EBRD/CCAR/Bay East,40680320,N,Y,37.8094309,-122.254253
PAST SALE,August-18-2016,Single Family Residential,19 RAMONA Ave,Oakland,CA,94611,1600000,3,2.5,Piedmont Avenue,1940,3600,1924,296,825,,Sold,,,http://www.redfin.com/CA/Piedmont/19-Ramona-Ave-94611/home/1194804,EBRD/CCAR/Bay East,40747055,N,Y,37.831213,-122.245179
PAST SALE,January-20-2017,Condo/Co-op,4902 Broadway #102,Oakland,CA,94611,650000,1,1.5,Lower Rockridge,1328,,2005,141,489,411,Sold,,,http://www.redfin.com/CA/Oakland/4902-Broadway-94611/unit-102/home/2113439,EBRD/CCAR/Bay East,40763825,N,Y,37.833589,-122.252526
PAST SALE,April-29-2016,Condo/Co-op,4101 Howe St #308,Oakland,CA,94611,490000,1,1.0,Piedmont Avenue,800,,1966,407,613,219,Sold,,,http://www.redfin.com/CA/Oakland/4101-Howe-St-94611/unit-308/home/1754579,EBRD/CCAR/Bay East,40734681,N,Y,37.827435,-122.253259
PAST SALE,December-4-2014,Single Family Residential,4140 MONTGOMERY St,Oakland,CA,94611-5120,853000,2,1.5,Piedmont Avenue,1207,3000,1907,919,707,,Sold,,,http://www.redfin.com/CA/Oakland/4140-Montgomery-St-94611/home/527478,EBRD/CCAR/Bay East,40678404,N,Y,37.8280716,-122.2528454
PAST SALE,,Condo/Co-op,2005 Pleasant Valley Ave Unit 314-A,Oakland,CA,94611,270000,1,1.0,,635,,1975,,425,,,,,http://www.redfin.com/CA/Oakland/2005-Pleasant-Valley-Ave-94611/unit-314-A/home/1431864,,,N,Y,37.8335301,-122.2513498
PAST SALE,April-18-2016,Single Family Residential,4481 MORAGA Ave,Oakland,CA,94611,1150000,3,2.0,Piedmont Avenue,1868,4995,1926,418,616,,Sold,,,http://www.redfin.com/CA/Piedmont/4481-Moraga-Ave-94611/home/529222,EBRD/CCAR/Bay East,40730367,Y,Y,37.830165,-122.244008
PAST SALE,June-27-2014,Condo/Co-op,4099 Howe St #304,Oakland,CA,94611,259000,0,1.0,Piedmont Avenue,524,,1973,1079,494,240,Sold,,,http://www.redfin.com/CA/Oakland/4099-Howe-St-94611/unit-304/home/113360478,EBRD/CCAR/Bay East,40659326,N,Y,37.8271269,-122.2536183
PAST SALE,November-22-2016,Single Family Residential,4335 HOWE St,Oakland,CA,94611,975000,2,1.0,Oakland,1099,3750,1913,200,887,,Sold,,,http://www.redfin.com/CA/Oakland/4335-Howe-St-94611/home/2017113,EBRD/CCAR/Bay East,40758194,N,Y,37.8302621,-122.249353
PAST SALE,October-19-2015,Single Family Residential,277 38TH St,Oakland,CA,94611,760000,2,2.0,Oakland,1028,4200,1911,600,739,,Sold,,,http://www.redfin.com/CA/Oakland/277-38th-St-94611/home/1841185,EBRD/CCAR/Bay East,40713776,N,Y,37.825434,-122.257139
PAST SALE,March-22-2017,Condo/Co-op,288 Whitmore St #318,Oakland,CA,94611,337500,0,1.0,Rockridge,450,,1976,80,750,272,Sold,,,http://www.redfin.com/CA/Oakland/288-Whitmore-St-94611/unit-318/home/112900597,EBRD/CCAR/Bay East,40767231,N,Y,37.8337027,-122.2520389
PAST SALE,,Condo/Co-op,288 Whitmore St Apt 116,Oakland,CA,94611,601000,1,1.0,,875,,1976,,687,,,,,http://www.redfin.com/CA/Oakland/288-Whitmore-St-94611/unit-116/home/528494,,,N,Y,37.8337027,-122.2520389
PAST SALE,,Condo/Co-op,1 Kelton Ct Apt 8M,Oakland,CA,94611,460000,1,1.0,,677,,1974,,679,,,,,http://www.redfin.com/CA/Oakland/1-Kelton-Ct-94611/unit-8M/home/1546089,,,N,Y,37.8243896,-122.2508859
PAST SALE,,Condo/Co-op,288 Whitmore St Apt 109,Oakland,CA,94611,395000,1,1.0,,635,,1976,,622,,,,,http://www.redfin.com/CA/Oakland/288-Whitmore-St-94611/unit-109/home/529012,,,N,Y,37.8337026,-122.252039
PAST SALE,October-14-2014,Single Family Residential,4155 HOWE St,Oakland,CA,94611-5117,665000,2,1.0,Oakland,984,3000,1910,970,676,,Sold,,,http://www.redfin.com/CA/Oakland/4155-Howe-St-94611/home/1936110,EBRD/CCAR/Bay East,40673779,N,Y,37.8279671,-122.2523764
PAST SALE,November-19-2014,Condo/Co-op,4301 PIEDMONT Ave #1,Oakland,CA,94611-4715,787000,2,2.0,Piedmont Avenue,1430,1430,2005,934,550,260,Sold,,,http://www.redfin.com/CA/Oakland/4301-Piedmont-Ave-94611/unit-1/home/12116397,EBRD/CCAR/Bay East,40677191,N,Y,37.8292418,-122.2490309
PAST SALE,,Condo/Co-op,455 Crescent St #315,Oakland,CA,94610,325000,1,1.0,,696,,1968,,467,,,,,http://www.redfin.com/CA/Oakland/455-Crescent-St-94610/unit-315/home/2029404,,,N,Y,37.8140454,-122.2501672
PAST SALE,October-28-2016,Condo/Co-op,455 CRESCENT St #112,Oakland,CA,94610,310000,0,1.0,Grand Lake,546,,1968,225,568,373,Sold,,,http://www.redfin.com/CA/Oakland/455-Crescent-St-94610/unit-112/home/1830584,EBRD/CCAR/Bay East,40759114,N,Y,37.8140454,-122.2501672
PAST SALE,,Condo/Co-op,385 Jayne Ave Apt 208,Oakland,CA,94610,260000,1,1.0,,680,,1970,,382,,,,,http://www.redfin.com/CA/Oakland/385-Jayne-Ave-94610/unit-208/home/2040049,,,N,Y,37.81463,-122.2541822
PAST SALE,October-29-2014,Condo/Co-op,555 JEAN St #532,Oakland,CA,94610-1906,390000,2,1.0,Grand Lake,840,,1971,955,464,359,Sold,,,http://www.redfin.com/CA/Oakland/555-Jean-St-94610/unit-532/home/708695,EBRD/CCAR/Bay East,40673747,N,Y,37.817513,-122.248561
PAST SALE,October-29-2014,Single Family Residential,581 VERNON St,Oakland,CA,94610-1434,978000,4,5.0,Rose Garden,3492,7800,1914,955,280,,Sold,,,http://www.redfin.com/CA/Oakland/581-Vernon-St-94610/home/526130,EBRD/CCAR/Bay East,40674594,N,Y,37.818784,-122.250132
PAST SALE,July-3-2014,Condo/Co-op,150 Pearl St #302,Oakland,CA,94611,315000,1,1.0,Adams Point,770,,1973,1073,409,372,Sold,,,http://www.redfin.com/CA/Oakland/150-Pearl-St-94611/unit-302/home/1361509,EBRD/CCAR/Bay East,40661424,N,Y,37.817639,-122.254992
PAST SALE,July-16-2015,Condo/Co-op,645 Chetwood St #205,Oakland,CA,94610,405000,1,1.0,Rose Garden,703,,1972,695,576,391,Sold,,,http://www.redfin.com/CA/Oakland/645-Chetwood-St-94610/unit-205/home/526416,EBRD/CCAR/Bay East,40702550,N,Y,37.818898,-122.2485001
PAST SALE,,Condo/Co-op,460 Crescent St #103,Oakland,CA,94610,430000,1,1.0,,660,,1971,,652,,,,,http://www.redfin.com/CA/Oakland/460-Crescent-St-94610/unit-103/home/676542,,,N,Y,37.8132869,-122.2498653
PAST SALE,January-12-2017,Condo/Co-op,10 Moss Ave #12,Oakland,CA,94610,325000,1,1.0,Rose Garden,576,,1965,149,564,202,Sold,,,http://www.redfin.com/CA/Oakland/10-Moss-Ave-94610/unit-12/home/840404,EBRD/CCAR/Bay East,40760114,N,Y,37.8187041,-122.2507584
PAST SALE,May-15-2015,Condo/Co-op,3239 KEMPTON Ave #2,Oakland,CA,94611,925000,1,2.0,Lower Pied Ave,1407,40145,1927,757,657,587,Sold,,,http://www.redfin.com/CA/Oakland/3239-Kempton-Ave-94611/unit-2/home/1669864,EBRD/CCAR/Bay East,40694781,N,Y,37.8190403,-122.2586074
PAST SALE,September-11-2015,Condo/Co-op,455 Crescent St #212,Oakland,CA,94610-2661,250500,1,1.0,Crescent Circle,546,,1968,638,459,352,Sold,,,http://www.redfin.com/CA/Oakland/455-Crescent-St-94610/unit-212/home/526163,EBRD/CCAR/Bay East,40700543,N,Y,37.8140454,-122.2501672
PAST SALE,August-8-2015,Condo/Co-op,150 PEARL St #310,Oakland,CA,94611,355000,1,1.0,Adams Point,623,,1973,672,570,350,Sold,,,http://www.redfin.com/CA/Oakland/150-Pearl-St-94611/unit-310/home/525936,EBRD/CCAR/Bay East,40703053,N,Y,37.817639,-122.254992
PAST SALE,,Condo/Co-op,455 Crescent St Apt 312,Oakland,CA,94610,245000,1,1.0,,546,,1968,,449,,,,,http://www.redfin.com/CA/Oakland/455-Crescent-St-94610/unit-312/home/526446,,,N,Y,37.8140454,-122.2501672
PAST SALE,August-13-2015,Single Family Residential,385 ELWOOD Ave,Oakland,CA,94610,1051000,3,2.5,Grand Lake/ Rose,1823,3069,1912,667,577,,Sold,,,http://www.redfin.com/CA/Oakland/385-Elwood-Ave-94610/home/1698346,EBRD/CCAR/Bay East,40706496,N,Y,37.815105,-122.2484338
PAST SALE,April-25-2017,Condo/Co-op,155 Pearl St #107,Oakland,CA,94611,380000,1,1.0,Adams Point,616,,1973,46,617,293,Sold,,,http://www.redfin.com/CA/Oakland/155-Pearl-St-94611/unit-107/home/525969,EBRD/CCAR/Bay East,40771675,N,Y,37.8172992,-122.2554876
PAST SALE,May-2-2017,Condo/Co-op,10 Moss Ave #32,Oakland,CA,94610,355000,1,1.0,Rose Garden,576,,1965,39,616,202,Sold,,,http://www.redfin.com/CA/Oakland/10-Moss-Ave-94610/unit-32/home/1095042,EBRD/CCAR/Bay East,40775312,N,Y,37.818704,-122.2507584
PAST SALE,April-28-2017,Single Family Residential,260 EUCLID Ave,Oakland,CA,94610,1425000,5,3.0,Adams Point,3200,7865,1928,43,445,,Sold,,,http://www.redfin.com/CA/Oakland/260-Euclid-Ave-94610/home/879162,EBRD/CCAR/Bay East,40774368,Y,Y,37.8154512,-122.2531004
PAST SALE,May-30-2017,Multi-Family (2-4 Unit),365 Santa Clara Ave,Oakland,CA,94610,1180000,5,4.0,Grand Lake,4228,6500,1916,11,279,,Sold,,,http://www.redfin.com/CA/Oakland/365-Santa-Clara-Ave-94610/home/658724,EBRD/CCAR/Bay East,40775412,N,Y,37.8136148,-122.2485787
PAST SALE,June-1-2017,Condo/Co-op,150 Pearl St #316,Oakland,CA,94611,330000,0,1.0,Oakland,412,,1973,9,801,344,Sold,,,http://www.redfin.com/CA/Oakland/150-Pearl-St-94611/unit-316/home/1760139,EBRD/CCAR/Bay East,40778347,N,Y,37.817639,-122.254992
PAST SALE,December-23-2014,Condo/Co-op,695 MARIPOSA Ave #103,Oakland,CA,94610-1365,465000,2,2.0,Rose Garden,1136,,1964,900,409,400,Sold,,,http://www.redfin.com/CA/Oakland/695-Mariposa-Ave-94610/unit-103/home/1605795,EBRD/CCAR/Bay East,40680303,N,Y,37.8207015,-122.2495143
PAST SALE,March-15-2016,Condo/Co-op,127 BAYO VISTA Ave #209,Oakland,CA,94611,495000,2,1.0,Piedmont Avenue,1060,,1972,452,467,336,Sold,,,http://www.redfin.com/CA/Oakland/127-Bayo-Vista-Ave-94611/unit-209/home/1163653,EBRD/CCAR/Bay East,40724141,N,Y,37.8212509,-122.250822
PAST SALE,April-2-2015,Condo/Co-op,3751 HARRISON St #104,Oakland,CA,94611,434000,2,1.0,Lower Pied Ave,859,2500,1972,800,505,342,Sold,,,http://www.redfin.com/CA/Oakland/3751-Harrison-St-94611/unit-104/home/616592,EBRD/CCAR/Bay East,40690090,N,Y,37.820814,-122.2531685
PAST SALE,,Multi-Family (2-4 Unit),11 Yosemite Ave,Oakland,CA,94611,1225000,4,4.0,,3316,5670,1921,,369,,,,,http://www.redfin.com/CA/Oakland/11-Yosemite-Ave-94611/home/1605817,,,N,Y,37.823451,-122.255515
PAST SALE,February-11-2015,Condo/Co-op,3768 HARRISON St #203,Oakland,CA,94611-5014,380000,1,1.0,Rose Garden,936,,1971,850,406,280,Sold,,,http://www.redfin.com/CA/Oakland/3768-Harrison-St-94611/unit-203/home/1901788,EBRD/CCAR/Bay East,40683646,N,Y,37.8206037,-122.2525431
PAST SALE,July-15-2014,Condo/Co-op,758 KINGSTON Ave #306,Oakland,CA,94611-4411,415000,2,1.0,Piedmont Avenue,1237,,1965,1061,335,409,Sold,,,http://www.redfin.com/CA/Oakland/758-Kingston-Ave-94611/unit-306/home/103461551,EBRD/CCAR/Bay East,40660933,N,Y,37.823066,-122.249466
PAST SALE,,Condo/Co-op,666 Oakland Ave Apt 305,Oakland,CA,94611,293000,1,1.0,,757,,1965,,387,,,,,http://www.redfin.com/CA/Oakland/666-Oakland-Ave-94611/unit-305/home/526127,,,N,Y,37.8206369,-122.249828
PAST SALE,,Condo/Co-op,590 El Dorado Ave,Oakland,CA,94611,357500,1,1.0,,803,,1972,,445,,,,,http://www.redfin.com/CA/Oakland/590-El-Dorado-Ave-94611/home/526049,,,N,Y,37.8216303,-122.2525136
PAST SALE,November-23-2016,Condo/Co-op,567 OAKLAND Ave #211,Oakland,CA,94611,375000,1,1.0,Rose Garden Area,741,,1970,199,506,308,Sold,,,http://www.redfin.com/CA/Oakland/567-Oakland-Ave-94611/home/1679607,EBRD/CCAR/Bay East,40755959,N,Y,37.8205451,-122.2519359
PAST SALE,March-17-2017,Single Family Residential,79 Bayo Vista Ave,Oakland,CA,94611,1770000,4,3.0,Piedmont Avenue,2887,6164,1907,85,613,,Sold,,,http://www.redfin.com/CA/Oakland/79-Bayo-Vista-Ave-94611/home/1992314,EBRD/CCAR/Bay East,40771244,N,Y,37.8229329,-122.2514765
PAST SALE,May-3-2017,Condo/Co-op,695 Mariposa Ave #301,Oakland,CA,94610,485000,2,2.0,Rose Garden,1136,,1964,38,427,440,Sold,,,http://www.redfin.com/CA/Oakland/695-Mariposa-Ave-94610/unit-301/home/1799838,EBRD/CCAR/Bay East,40776207,N,Y,37.8207015,-122.2495143
PAST SALE,May-22-2017,Condo/Co-op,758 Kingston Ave,Oakland,CA,94611,370000,1,1.0,Alameda County,567,,1965,19,653,367,Sold,,,http://www.redfin.com/CA/Oakland/758-Kingston-Ave-94611/home/22650086,BAREIS,21626533,N,Y,37.823066,-122.249466
PAST SALE,May-24-2017,Condo/Co-op,323 Monte Vista Ave #304,Oakland,CA,94611,601000,2,1.0,Piedmont Avenue,881,24884,1967,17,682,394,Sold,,,http://www.redfin.com/CA/Oakland/323-Monte-Vista-Ave-94611/unit-304/home/113854277,EBRD/CCAR/Bay East,40779605,N,Y,37.8223854,-122.2500914
PAST SALE,May-30-2017,Condo/Co-op,401 Monte Vista Ave #401,Oakland,CA,94611,747000,3,2.0,Rose Garden,1540,,1971,11,485,396,Sold,,,http://www.redfin.com/CA/Oakland/401-Monte-Vista-Ave-94611/unit-401/home/113859637,EBRD/CCAR/Bay East,40779732,N,Y,37.8217583,-122.2489733
PAST SALE,May-21-2015,Single Family Residential,4244 Montgomery St,Oakland,CA,94611,1075000,2,1.0,Piedmont Avenue,1263,4375,1942,751,851,,Sold,,,http://www.redfin.com/CA/Oakland/4244-Montgomery-St-94611/home/1842535,EBRD/CCAR/Bay East,40695098,N,Y,37.8296778,-122.2509541
